fecha,temperatura
1/1/2004,5.3
2/1/2004,5.6
3/1/2004,5.9
4/1/2004,6.2
5/1/2004,8.4
6/1/2004,7.9
7/1/2004,7.6
8/1/2004,7.7
9/1/2004,7.1
10/1/2004,6.8
11/1/2004,5.7
12/1/2004,6.2
13/1/2004,6.5
14/1/2004,5.9
15/1/2004,8.7
16/1/2004,12.8
17/1/2004,5.13
18/1/2004,5.14
19/1/2004,5.16
20/1/2004,5.18
21/1/2004,5.36
22/1/2004,5.38
23/1/2004,5.66
24/1/2004,5.74
25/1/2004,5.78
26/1/2004,5.86
27/1/2004,5.86
28/1/2004,6.06
29/1/2004,6.08
30/1/2004,6.09
31/1/2004,6.34
1/2/2004,6.47
2/2/2004,6.58
3/2/2004,6.59
4/2/2004,7.08
5/2/2004,7.13
6/2/2004,7.17
7/2/2004,7.22
8/2/2004,7.22
9/2/2004,7.29
10/2/2004,7.46
11/2/2004,7.54
12/2/2004,7.66
13/2/2004,7.68
14/2/2004,7.72
15/2/2004,7.76
16/2/2004,7.82
17/2/2004,7.92
18/2/2004,7.95
19/2/2004,8.03
20/2/2004,8.16
21/2/2004,8.24
22/2/2004,8.34
23/2/2004,8.42
24/2/2004,8.44
25/2/2004,8.54
26/2/2004,9.79
27/2/2004,17.5
28/2/2004,8.13
29/2/2004,8.32
1/3/2004,6.85
2/3/2004,5.91
3/3/2004,6.15
4/3/2004,5.75
5/3/2004,5.52
6/3/2004,6.09
7/3/2004,6.96
8/3/2004,5.32
9/3/2004,5.23
10/3/2004,5.38
11/3/2004,6.53
12/3/2004,8.31
13/3/2004,4.77
14/3/2004,6.29
15/3/2004,5.14
16/3/2004,7.26
17/3/2004,6.72
18/3/2004,7.73
19/3/2004,7.44
20/3/2004,5.59
21/3/2004,7.65
22/3/2004,5.86
23/3/2004,5.85
24/3/2004,6.17
25/3/2004,5.21
26/3/2004,4.86
27/3/2004,7.32
28/3/2004,7.13
29/3/2004,6.33
30/3/2004,20.9
31/3/2004,8.76
1/4/2004,8.09
2/4/2004,11.4
3/4/2004,20.4
4/4/2004,20.5
5/4/2004,6.83
6/4/2004,6.78
7/4/2004,7.68
8/4/2004,6.14
9/4/2004,6.27
10/4/2004,22.5
11/4/2004,7.66
12/4/2004,6.25
13/4/2004,5.65
14/4/2004,6.08
15/4/2004,5.91
16/4/2004,11.36
17/4/2004,11.95
18/4/2004,15.33
19/4/2004,10.04
20/4/2004,13.02
21/4/2004,16.76
22/4/2004,17.68
23/4/2004,18.43
24/4/2004,14.13
25/4/2004,18.84
26/4/2004,11.88
27/4/2004,20.95
28/4/2004,20.99
29/4/2004,19.68
30/4/2004,20.01
1/5/2004,20.01
2/5/2004,20.01
3/5/2004,16.64
4/5/2004,19.92
5/5/2004,10.41
6/5/2004,10.72
7/5/2004,4
8/5/2004,6
9/5/2004,4
10/5/2004,4
11/5/2004,14
12/5/2004,10
13/5/2004,10
14/5/2004,11
15/5/2004,16
16/5/2004,23
17/5/2004,17
18/5/2004,11
19/5/2004,8.6
20/5/2004,9.4
21/5/2004,9.5
22/5/2004,9.3
23/5/2004,9.2
24/5/2004,9.1
25/5/2004,9.6
26/5/2004,9.6
27/5/2004,9.7
28/5/2004,7.5
29/5/2004,5.9
30/5/2004,4.6
31/5/2004,4.7
1/6/2004,6.3
2/6/2004,8.4
3/6/2004,7.3
4/6/2004,3.9
5/6/2004,4.1
6/6/2004,5.4
7/6/2004,5.5
8/6/2004,8.8
9/6/2004,9.7
10/6/2004,3.6
11/6/2004,8.1
12/6/2004,7.4
13/6/2004,3.7
14/6/2004,3.3
15/6/2004,7.7
16/6/2004,9.3
17/6/2004,4.3
18/6/2004,3.2
19/6/2004,9.2
20/6/2004,8.6
21/6/2004,8.3
22/6/2004,4.3
23/6/2004,3.4
24/6/2004,3.2
25/6/2004,8.1
26/6/2004,4.1
27/6/2004,15.6
28/6/2004,9.49
29/6/2004,8.61
30/6/2004,9.05
1/7/2004,9.22
2/7/2004,9.28
3/7/2004,9.49
4/7/2004,8.84
5/7/2004,9.52
6/7/2004,9.62
7/7/2004,9.22
8/7/2004,7.43
9/7/2004,9.62
10/7/2004,9.96
11/7/2004,12.2
12/7/2004,12.6
13/7/2004,8.18
14/7/2004,8.16
15/7/2004,9.04
16/7/2004,9.27
17/7/2004,9.52
18/7/2004,9.66
19/7/2004,10.2
20/7/2004,12.8
21/7/2004,13.5
22/7/2004,13.5
23/7/2004,13.5
24/7/2004,8.56
25/7/2004,8.62
26/7/2004,8.15
27/7/2004,8.86
28/7/2004,9.38
29/7/2004,9.48
30/7/2004,9.63
31/7/2004,9.76
1/8/2004,9.83
2/8/2004,9.83
3/8/2004,13.3
4/8/2004,7.45
5/8/2004,7.56
6/8/2004,8.27
7/8/2004,8.58
8/8/2004,9.19
9/8/2004,9.23
10/8/2004,9.74
11/8/2004,11.5
12/8/2004,11.5
13/8/2004,13.6
14/8/2004,14.2
15/8/2004,14.8
16/8/2004,8.94
17/8/2004,8.29
18/8/2004,8.37
19/8/2004,8.54
20/8/2004,8.69
21/8/2004,8.74
22/8/2004,8.79
23/8/2004,9.12
24/8/2004,9.16
25/8/2004,9.66
26/8/2004,14.2
27/8/2004,14.4
28/8/2004,14.4
29/8/2004,15.1
30/8/2004,14.1
31/8/2004,14.3
1/9/2004,17.1
2/9/2004,12.1
3/9/2004,16.4
4/9/2004,10.3
5/9/2004,17.2
6/9/2004,6.95
7/9/2004,9.51
8/9/2004,5.12
9/9/2004,6.09
10/9/2004,6.56
11/9/2004,6.66
12/9/2004,7.26
13/9/2004,7.52
14/9/2004,7.64
15/9/2004,7.65
16/9/2004,7.69
17/9/2004,7.72
18/9/2004,7.88
19/9/2004,8.18
20/9/2004,8.57
21/9/2004,8.64
22/9/2004,8.71
23/9/2004,8.76
24/9/2004,8.97
25/9/2004,9.04
26/9/2004,9.06
27/9/2004,9.45
28/9/2004,9.48
29/9/2004,9.57
30/9/2004,15.8
1/10/2004,15.9
2/10/2004,16.3
3/10/2004,9.48
4/10/2004,9.82
5/10/2004,15.5
6/10/2004,17.8
7/10/2004,6.66
8/10/2004,9.05
9/10/2004,16.6
10/10/2004,5.42
11/10/2004,6.34
12/10/2004,6.63
13/10/2004,6.64
14/10/2004,6.72
15/10/2004,7.42
16/10/2004,8.74
17/10/2004,9.78
18/10/2004,7.98
19/10/2004,9.18
20/10/2004,3.01
21/10/2004,3.41
22/10/2004,4.13
23/10/2004,4.32
24/10/2004,4.72
25/10/2004,4.87
26/10/2004,4.91
27/10/2004,4.91
28/10/2004,4.94
29/10/2004,4.98
30/10/2004,5.14
31/10/2004,5.18
1/11/2004,5.22
2/11/2004,5.26
3/11/2004,5.27
4/11/2004,5.41
5/11/2004,5.63
6/11/2004,5.77
7/11/2004,5.81
8/11/2004,5.82
9/11/2004,5.95
10/11/2004,6.51
11/11/2004,6.54
12/11/2004,6.63
13/11/2004,6.65
14/11/2004,6.78
15/11/2004,6.81
16/11/2004,6.84
17/11/2004,6.99
18/11/2004,7.15
19/11/2004,7.23
20/11/2004,7.63
21/11/2004,7.81
22/11/2004,8.94
23/11/2004,9.17
24/11/2004,9.82
25/11/2004,8.32
26/11/2004,10.2
27/11/2004,8.93
28/11/2004,4.14
29/11/2004,4.36
30/11/2004,3.04
1/12/2004,3.34
2/12/2004,3.39
3/12/2004,3.52
4/12/2004,3.66
5/12/2004,3.69
6/12/2004,3.71
7/12/2004,3.73
8/12/2004,3.74
9/12/2004,3.75
10/12/2004,3.76
11/12/2004,3.81
12/12/2004,3.87
13/12/2004,3.94
14/12/2004,3.96
15/12/2004,4.03
16/12/2004,4.04
17/12/2004,4.05
18/12/2004,4.06
19/12/2004,4.09
20/12/2004,4.12
21/12/2004,4.12
22/12/2004,4.13
23/12/2004,4.17
24/12/2004,4.18
25/12/2004,4.18
26/12/2004,4.18
27/12/2004,4.21
28/12/2004,4.35
29/12/2004,4.35
30/12/2004,4.38
31/12/2004,4.38
1/1/2005,4.46
2/1/2005,4.47
3/1/2005,4.51
4/1/2005,4.57
5/1/2005,4.62
6/1/2005,4.72
7/1/2005,4.73
8/1/2005,5.06
9/1/2005,5.22
10/1/2005,5.23
11/1/2005,5.25
12/1/2005,5.26
13/1/2005,5.47
14/1/2005,5.66
15/1/2005,5.86
16/1/2005,5.89
17/1/2005,6.26
18/1/2005,7.01
19/1/2005,7.15
20/1/2005,7.61
21/1/2005,8.04
22/1/2005,8.61
23/1/2005,8.86
24/1/2005,9.13
25/1/2005,4.12
26/1/2005,5.42
27/1/2005,4.86
28/1/2005,4.58
29/1/2005,8.85
30/1/2005,3.73
31/1/2005,6.13
1/2/2005,9.35
2/2/2005,9.28
3/2/2005,3.37
4/2/2005,3.79
5/2/2005,3.22
6/2/2005,3.47
7/2/2005,3.51
8/2/2005,3.55
9/2/2005,4.31
10/2/2005,5.08
11/2/2005,5.54
12/2/2005,5.69
13/2/2005,3.38
14/2/2005,3.43
15/2/2005,3.67
16/2/2005,3.84
17/2/2005,3.86
18/2/2005,5.04
19/2/2005,3.33
20/2/2005,1.57
21/2/2005,6.86
22/2/2005,7.82
23/2/2005,7.81
24/2/2005,6.74
25/2/2005,8.96
26/2/2005,9.12
27/2/2005,12.3
28/2/2005,5.39
1/3/2005,4.32
2/3/2005,14.8
3/3/2005,17.4
4/3/2005,7.78
5/3/2005,5.48
6/3/2005,9.03
7/3/2005,10.7
8/3/2005,8.56
9/3/2005,4.56
10/3/2005,4.55
11/3/2005,7.28
12/3/2005,20.6
13/3/2005,9.16
14/3/2005,6.67
15/3/2005,4.32
16/3/2005,3.59
17/3/2005,4.01
18/3/2005,5.67
19/3/2005,9.26
20/3/2005,16.8
21/3/2005,4.24
22/3/2005,7.83
23/3/2005,3.98
24/3/2005,9.87
25/3/2005,8.85
26/3/2005,4.55
27/3/2005,5.39
28/3/2005,4.84
29/3/2005,3.15
30/3/2005,9.43
31/3/2005,7.43
1/4/2005,16.9
2/4/2005,16.9
3/4/2005,4.83
4/4/2005,4.79
5/4/2005,8.46
6/4/2005,10.2
7/4/2005,4.58
8/4/2005,3.64
9/4/2005,15.7
10/4/2005,6.66
11/4/2005,7.07
12/4/2005,9.26
13/4/2005,3.08
14/4/2005,9.26
15/4/2005,7.72
16/4/2005,7.46
17/4/2005,4.51
18/4/2005,3.86
19/4/2005,8.18
20/4/2005,6.17
21/4/2005,9.61
22/4/2005,4.64
23/4/2005,6.62
24/4/2005,12.1
25/4/2005,9.79
26/4/2005,4.62
27/4/2005,4.64
28/4/2005,8.98
29/4/2005,4.33
30/4/2005,4.65
1/5/2005,9.07
2/5/2005,11.7
3/5/2005,7.62
4/5/2005,18.4
5/5/2005,8.69
6/5/2005,9.48
7/5/2005,4.17
8/5/2005,5.36
9/5/2005,9.24
10/5/2005,4.86
11/5/2005,4.76
12/5/2005,5.71
13/5/2005,8.18
14/5/2005,4.56
15/5/2005,5.98
16/5/2005,4.11
17/5/2005,4.53
18/5/2005,6.16
19/5/2005,5.16
20/5/2005,4.28
21/5/2005,3.53
22/5/2005,3.28
23/5/2005,9.26
24/5/2005,7.59
25/5/2005,8.69
26/5/2005,8.61
27/5/2005,2.99
28/5/2005,7.21
29/5/2005,5.09
30/5/2005,6.77
31/5/2005,9.07
1/6/2005,3.01
2/6/2005,7.75
3/6/2005,9.28
4/6/2005,12.6
5/6/2005,9.22
6/6/2005,3.02
7/6/2005,2.88
8/6/2005,8.24
9/6/2005,24.2
10/6/2005,4.62
11/6/2005,2.52
12/6/2005,4.15
13/6/2005,3.62
14/6/2005,5.89
15/6/2005,6.59
16/6/2005,17.6
17/6/2005,3.58
18/6/2005,2.31
19/6/2005,5.19
20/6/2005,4.56
21/6/2005,8.16
22/6/2005,8.87
23/6/2005,6.77
24/6/2005,4.42
25/6/2005,8.32
26/6/2005,4.84
27/6/2005,15.3
28/6/2005,8.15
29/6/2005,4.83
30/6/2005,4.52
1/7/2005,7.63
2/7/2005,10.1
3/7/2005,4.52
4/7/2005,18.3
5/7/2005,2.39
6/7/2005,10.5
7/7/2005,5.81
8/7/2005,13.4
9/7/2005,5.59
10/7/2005,4.18
11/7/2005,8.91
12/7/2005,18.7
13/7/2005,3.73
14/7/2005,7.86
15/7/2005,4.94
16/7/2005,3.23
17/7/2005,4.82
18/7/2005,9.03
19/7/2005,5.05
20/7/2005,9.12
21/7/2005,5.48
22/7/2005,9.23
23/7/2005,14.04
24/7/2005,14.76
25/7/2005,10.22
26/7/2005,10.29
27/7/2005,10.53
28/7/2005,11.48
29/7/2005,12.23
30/7/2005,14.21
31/7/2005,16.14
1/8/2005,15.83
2/8/2005,14.27
3/8/2005,13.96
4/8/2005,15.88
5/8/2005,15.72
6/8/2005,13.44
7/8/2005,11.36
8/8/2005,11.38
9/8/2005,11.82
10/8/2005,12.22
11/8/2005,12.29
12/8/2005,12.38
13/8/2005,12.46
14/8/2005,12.48
15/8/2005,12.52
16/8/2005,12.67
17/8/2005,14.09
18/8/2005,15.08
19/8/2005,15.44
20/8/2005,11.54
21/8/2005,10.29
22/8/2005,10.53
23/8/2005,10.64
24/8/2005,10.82
25/8/2005,11.19
26/8/2005,11.81
27/8/2005,11.92
28/8/2005,11.96
29/8/2005,12.16
30/8/2005,12.43
31/8/2005,12.63
1/9/2005,12.87
2/9/2005,13.32
3/9/2005,13.43
4/9/2005,13.55
5/9/2005,13.68
6/9/2005,14.98
7/9/2005,12.04
8/9/2005,10.21
9/9/2005,10.56
10/9/2005,10.89
11/9/2005,10.94
12/9/2005,11.28
13/9/2005,11.49
14/9/2005,11.52
15/9/2005,12.23
16/9/2005,12.35
17/9/2005,12.84
18/9/2005,12.98
19/9/2005,13.02
20/9/2005,13.05
21/9/2005,13.11
22/9/2005,13.13
23/9/2005,13.32
24/9/2005,13.34
25/9/2005,13.37
26/9/2005,13.42
27/9/2005,14.13
28/9/2005,15.51
29/9/2005,15.65
30/9/2005,16.38
1/10/2005,11.95
2/10/2005,12.84
3/10/2005,10.32
4/10/2005,10.38
5/10/2005,10.57
6/10/2005,10.81
7/10/2005,11.61
8/10/2005,11.74
9/10/2005,11.77
10/10/2005,11.82
11/10/2005,12.56
12/10/2005,12.72
13/10/2005,12.78
14/10/2005,12.79
15/10/2005,12.84
16/10/2005,12.85
17/10/2005,12.85
18/10/2005,12.85
19/10/2005,13.24
20/10/2005,13.31
21/10/2005,13.78
22/10/2005,13.84
23/10/2005,13.96
24/10/2005,15.22
25/10/2005,15.25
26/10/2005,15.63
27/10/2005,15.66
28/10/2005,15.74
29/10/2005,15.75
30/10/2005,15.81
31/10/2005,17.02
1/11/2005,17.13
2/11/2005,11.34
3/11/2005,12.47
4/11/2005,11.16
5/11/2005,17.82
6/11/2005,16.29
7/11/2005,14.12
8/11/2005,11.27
9/11/2005,10.84
10/11/2005,12.58
11/11/2005,12.84
12/11/2005,14.33
13/11/2005,14.29
14/11/2005,10.45
15/11/2005,11.04
16/11/2005,11.33
17/11/2005,11.39
18/11/2005,11.74
19/11/2005,12.28
20/11/2005,12.33
21/11/2005,12.61
22/11/2005,13.01
23/11/2005,13.45
24/11/2005,13.48
25/11/2005,13.99
26/11/2005,14.12
27/11/2005,14.16
28/11/2005,14.21
29/11/2005,14.42
30/11/2005,14.49
1/12/2005,14.57
2/12/2005,14.68
3/12/2005,14.74
4/12/2005,14.81
5/12/2005,15.17
6/12/2005,15.28
7/12/2005,15.55
8/12/2005,15.57
9/12/2005,15.61
10/12/2005,15.64
11/12/2005,17.59
12/12/2005,10.78
13/12/2005,17.04
14/12/2005,16.96
15/12/2005,16.91
16/12/2005,13.78
17/12/2005,13.49
18/12/2005,12.28
19/12/2005,15.19
20/12/2005,15.19
21/12/2005,15.33
22/12/2005,15.41
23/12/2005,15.62
24/12/2005,15.64
25/12/2005,15.65
26/12/2005,15.68
27/12/2005,15.77
28/12/2005,16.09
29/12/2005,16.13
30/12/2005,16.65
31/12/2005,16.68
1/1/2006,16.81
2/1/2006,18.35
3/1/2006,10.74
4/1/2006,17.82
5/1/2006,17.82
6/1/2006,17.82
7/1/2006,17.76
8/1/2006,16.04
9/1/2006,17.72
10/1/2006,16.46
11/1/2006,18.12
12/1/2006,10.47
13/1/2006,18.25
14/1/2006,19.71
15/1/2006,15.64
16/1/2006,14.64
17/1/2006,14.47
18/1/2006,11.82
19/1/2006,14.94
20/1/2006,11.61
21/1/2006,13.27
22/1/2006,11.48
23/1/2006,13.91
24/1/2006,13.85
25/1/2006,13.08
26/1/2006,17.28
27/1/2006,14.65
28/1/2006,15.49
29/1/2006,13.02
30/1/2006,18.22
31/1/2006,10.43
1/2/2006,13.12
2/2/2006,16.27
3/2/2006,20.48
4/2/2006,14.79
5/2/2006,10.59
6/2/2006,16.06
7/2/2006,13.38
8/2/2006,15.56
9/2/2006,16.46
10/2/2006,16.54
11/2/2006,15.54
12/2/2006,15.53
13/2/2006,15.47
14/2/2006,15.41
15/2/2006,14.76
16/2/2006,16.63
17/2/2006,16.59
18/2/2006,15.29
19/2/2006,13.88
20/2/2006,16.58
21/2/2006,13.18
22/2/2006,10.04
23/2/2006,10.51
24/2/2006,16.21
25/2/2006,14.77
26/2/2006,11.92
27/2/2006,16.92
28/2/2006,15.93
1/3/2006,16.06
2/3/2006,16.15
3/3/2006,15.83
4/3/2006,16.28
5/3/2006,16.83
6/3/2006,13.86
7/3/2006,22.93
8/3/2006,15.56
9/3/2006,20.21
10/3/2006,19.54
11/3/2006,16.71
12/3/2006,18.04
13/3/2006,10.42
14/3/2006,18.78
15/3/2006,12.82
16/3/2006,13.16
17/3/2006,15.35
18/3/2006,17.57
19/3/2006,15.71
20/3/2006,13.22
21/3/2006,11.92
22/3/2006,10.06
23/3/2006,17.47
24/3/2006,11.73
25/3/2006,15.97
26/3/2006,13.56
27/3/2006,11.28
28/3/2006,12.96
29/3/2006,12.82
30/3/2006,10.01
31/3/2006,17.53
1/4/2006,17.04
2/4/2006,17.04
3/4/2006,17.05
4/4/2006,11.36
5/4/2006,11.62
6/4/2006,14.31
7/4/2006,18.07
8/4/2006,12.43
9/4/2006,10.71
10/4/2006,19.07
11/4/2006,18.38
12/4/2006,18.38
13/4/2006,18.35
14/4/2006,13.88
15/4/2006,17.66
16/4/2006,11.12
17/4/2006,15.86
18/4/2006,15.77
19/4/2006,17.44
20/4/2006,18.37
21/4/2006,17.76
22/4/2006,13.28
23/4/2006,18.22
24/4/2006,17.87
25/4/2006,11.67
26/4/2006,17.55
27/4/2006,17.48
28/4/2006,17.49
29/4/2006,17.49
30/4/2006,16.52
1/5/2006,11.42
2/5/2006,12.85
3/5/2006,11.36
4/5/2006,23.43
5/5/2006,10.99
6/5/2006,13.64
7/5/2006,10.88
8/5/2006,10.14
9/5/2006,12.38
10/5/2006,20.04
11/5/2006,19.49
12/5/2006,10.32
13/5/2006,11.84
14/5/2006,19.11
15/5/2006,12.97
16/5/2006,14.42
17/5/2006,14.26
18/5/2006,15.36
19/5/2006,14.58
20/5/2006,19.27
21/5/2006,12.77
22/5/2006,12.28
23/5/2006,12.97
24/5/2006,15.36
25/5/2006,14.74
26/5/2006,10.81
27/5/2006,18.17
28/5/2006,12.23
29/5/2006,10.74
30/5/2006,10.78
31/5/2006,11.07
1/6/2006,10.01
2/6/2006,16.76
3/6/2006,12.76
4/6/2006,12.19
5/6/2006,17.79
6/6/2006,17.45
7/6/2006,15.29
8/6/2006,15.65
9/6/2006,14.29
10/6/2006,12.66
11/6/2006,15.96
12/6/2006,9
13/6/2006,9
14/6/2006,9
15/6/2006,8
16/6/2006,8
17/6/2006,8
18/6/2006,9
19/6/2006,7
20/6/2006,7
21/6/2006,7
22/6/2006,6
23/6/2006,9
24/6/2006,4
25/6/2006,4
26/6/2006,8
27/6/2006,4
28/6/2006,6
29/6/2006,4
30/6/2006,5
1/7/2006,8
2/7/2006,6
3/7/2006,5
4/7/2006,5
5/7/2006,8
6/7/2006,8
7/7/2006,7
8/7/2006,7
9/7/2006,5
10/7/2006,7
11/7/2006,5
12/7/2006,5
13/7/2006,8
14/7/2006,6
15/7/2006,7
16/7/2006,6
17/7/2006,5
18/7/2006,4
19/7/2006,3
20/7/2006,4
21/7/2006,15
22/7/2006,11
23/7/2006,11
24/7/2006,16
25/7/2006,13
26/7/2006,12
27/7/2006,12
28/7/2006,12
29/7/2006,15
30/7/2006,12
31/7/2006,16
1/8/2006,11
2/8/2006,12
3/8/2006,13
4/8/2006,10
5/8/2006,12
6/8/2006,13
7/8/2006,14
8/8/2006,13
9/8/2006,14
10/8/2006,14
11/8/2006,11
12/8/2006,12
13/8/2006,14
14/8/2006,14
15/8/2006,17
16/8/2006,11
17/8/2006,14
18/8/2006,15
19/8/2006,11
20/8/2006,14
21/8/2006,15
22/8/2006,16
23/8/2006,13
24/8/2006,15
25/8/2006,13
26/8/2006,17
27/8/2006,16
28/8/2006,16
29/8/2006,16
30/8/2006,15
31/8/2006,16
1/9/2006,10
2/9/2006,19
3/9/2006,21
4/9/2006,21
5/9/2006,16
6/9/2006,14
7/9/2006,17
8/9/2006,15
9/9/2006,11
10/9/2006,21
11/9/2006,21
12/9/2006,11
13/9/2006,22
14/9/2006,22
15/9/2006,21
16/9/2006,20
17/9/2006,21
18/9/2006,20
19/9/2006,19
20/9/2006,19
21/9/2006,19
22/9/2006,10
23/9/2006,19
24/9/2006,18
25/9/2006,18
26/9/2006,18
27/9/2006,18
28/9/2006,16
29/9/2006,16
30/9/2006,14
1/10/2006,16
2/10/2006,15
3/10/2006,18
4/10/2006,22
5/10/2006,23
6/10/2006,10
7/10/2006,16
8/10/2006,22
9/10/2006,20
10/10/2006,19
11/10/2006,16
12/10/2006,19
13/10/2006,10
14/10/2006,19
15/10/2006,19
16/10/2006,15
17/10/2006,17
18/10/2006,20
19/10/2006,20
20/10/2006,16
21/10/2006,8.6
22/10/2006,9.6
23/10/2006,9.9
24/10/2006,8.9
25/10/2006,9.4
26/10/2006,9.8
27/10/2006,7.4
28/10/2006,9.5
29/10/2006,9.9
30/10/2006,7.2
31/10/2006,9.4
1/11/2006,9.6
2/11/2006,9.7
3/11/2006,9.7
4/11/2006,9.7
5/11/2006,9.6
6/11/2006,5.8
7/11/2006,9.9
8/11/2006,9.7
9/11/2006,7.3
10/11/2006,9.4
11/11/2006,9.4
12/11/2006,8.2
13/11/2006,8.7
14/11/2006,8.9
15/11/2006,9.7
16/11/2006,9.2
17/11/2006,9.9
18/11/2006,8.2
19/11/2006,9.9
20/11/2006,7.4
21/11/2006,9.8
22/11/2006,8.2
23/11/2006,8.3
24/11/2006,8.6
25/11/2006,8.4
26/11/2006,9.2
27/11/2006,9.1
28/11/2006,9.4
29/11/2006,9.4
30/11/2006,9.9
1/12/2006,8.3
2/12/2006,9.9
3/12/2006,9.7
4/12/2006,9.2
5/12/2006,8.9
6/12/2006,9.4
7/12/2006,9.3
8/12/2006,9.8
9/12/2006,8.2
10/12/2006,8.4
11/12/2006,8.6
12/12/2006,8.9
13/12/2006,9.5
14/12/2006,7.5
15/12/2006,8.3
16/12/2006,9.4
17/12/2006,7.7
18/12/2006,9.4
19/12/2006,9.4
20/12/2006,8.6
21/12/2006,8.3
22/12/2006,9.7
23/12/2006,6.9
24/12/2006,7.3
25/12/2006,9.3
26/12/2006,7.9
27/12/2006,8.1
28/12/2006,7.5
29/12/2006,8.2
30/12/2006,8.6
31/12/2006,8.7
1/1/2007,7.5
2/1/2007,8.4
3/1/2007,8.6
4/1/2007,8.8
5/1/2007,9.2
6/1/2007,9.8
7/1/2007,7.8
8/1/2007,8.2
9/1/2007,8.3
10/1/2007,7.3
11/1/2007,6.2
12/1/2007,8.5
13/1/2007,6.3
14/1/2007,7.6
15/1/2007,7.8
16/1/2007,8.1
17/1/2007,6.6
18/1/2007,6.7
19/1/2007,7.1
20/1/2007,6.1
21/1/2007,7.3
22/1/2007,7.3
23/1/2007,8.3
24/1/2007,9.8
25/1/2007,6.5
26/1/2007,5.8
27/1/2007,6.9
28/1/2007,7.1
29/1/2007,8.1
30/1/2007,8.4
31/1/2007,9.7
1/2/2007,6.3
2/2/2007,6.5
3/2/2007,7.3
4/2/2007,7.7
5/2/2007,8.9
6/2/2007,6.9
7/2/2007,7.8
8/2/2007,6.6
9/2/2007,5.7
10/2/2007,5.8
11/2/2007,6.1
12/2/2007,6.2
13/2/2007,6.6
14/2/2007,6.8
15/2/2007,7.1
16/2/2007,8.4
17/2/2007,5.2
18/2/2007,6.7
19/2/2007,5.1
20/2/2007,5.8
21/2/2007,5.9
22/2/2007,6.1
23/2/2007,7.5
24/2/2007,7.6
25/2/2007,8.3
26/2/2007,8.4
27/2/2007,7.7
28/2/2007,6.7
1/3/2007,7.9
2/3/2007,6.7
3/3/2007,5.1
4/3/2007,5.6
5/3/2007,5.8
6/3/2007,6.6
7/3/2007,6.8
8/3/2007,7.2
9/3/2007,7.2
10/3/2007,5.5
11/3/2007,5.7
12/3/2007,5.9
13/3/2007,6.3
14/3/2007,6.8
15/3/2007,6.9
16/3/2007,7.4
17/3/2007,7.5
18/3/2007,7.6
19/3/2007,7.9
20/3/2007,8.2
21/3/2007,7.6
22/3/2007,6.1
23/3/2007,6.3
24/3/2007,3.4
25/3/2007,8.7
26/3/2007,9.4
27/3/2007,9.2
28/3/2007,5.3
29/3/2007,5.4
30/3/2007,5.5
31/3/2007,6.2
1/4/2007,7.5
2/4/2007,7.5
3/4/2007,7.8
4/4/2007,7.4
5/4/2007,7.4
6/4/2007,4.4
7/4/2007,4.5
8/4/2007,4.9
9/4/2007,5.2
10/4/2007,5.8
11/4/2007,6.7
12/4/2007,7.1
13/4/2007,8.1
14/4/2007,8.3
15/4/2007,9.9
16/4/2007,4.8
17/4/2007,4.8
18/4/2007,6.3
19/4/2007,6.8
20/4/2007,6.9
21/4/2007,7.9
22/4/2007,5.6
23/4/2007,4.9
24/4/2007,6.2
25/4/2007,6.4
26/4/2007,6.7
27/4/2007,6.9
28/4/2007,4.4
29/4/2007,5.3
30/4/2007,5.6
1/5/2007,5.8
2/5/2007,6.9
3/5/2007,6.3
4/5/2007,5.4
5/5/2007,7.9
6/5/2007,5.1
7/5/2007,8.7
8/5/2007,5.1
9/5/2007,5.2
10/5/2007,7.4
11/5/2007,5.4
12/5/2007,8.1
13/5/2007,7.4
14/5/2007,6.6
15/5/2007,5.9
16/5/2007,4.1
17/5/2007,6.6
18/5/2007,7.1
19/5/2007,5.4
20/5/2007,8.5
21/5/2007,4.3
22/5/2007,4.1
23/5/2007,6.3
24/5/2007,4.5
25/5/2007,4.2
26/5/2007,5.4
27/5/2007,5.6
28/5/2007,7.7
29/5/2007,4.5
30/5/2007,4.8
31/5/2007,5.5
1/6/2007,6.9
2/6/2007,9.1
3/6/2007,5.3
4/6/2007,3.5
5/6/2007,3.7
6/6/2007,4.4
7/6/2007,4.9
8/6/2007,7.9
9/6/2007,3.7
10/6/2007,4.1
11/6/2007,7.4
12/6/2007,7.7
13/6/2007,8.3
14/6/2007,9.5
15/6/2007,6.5
16/6/2007,3.2
17/6/2007,9.2
18/6/2007,6.2
19/6/2007,3.5
20/6/2007,5.6
21/6/2007,9.9
22/6/2007,3.5
23/6/2007,3.8
24/6/2007,3.9
25/6/2007,3.9
26/6/2007,4.2
27/6/2007,4.2
28/6/2007,4.3
29/6/2007,4.5
30/6/2007,4.7
1/7/2007,6.6
2/7/2007,3.3
3/7/2007,4.6
4/7/2007,5.2
5/7/2007,5.7
6/7/2007,7.1
7/7/2007,9.8
8/7/2007,4.4
9/7/2007,4.8
10/7/2007,3.8
11/7/2007,4.3
12/7/2007,3.4
13/7/2007,5.2
14/7/2007,3.1
15/7/2007,3.3
16/7/2007,7.4
17/7/2007,4.3
18/7/2007,4.5
19/7/2007,3.8
20/7/2007,4.1
21/7/2007,3.5
22/7/2007,3.1
23/7/2007,3.7
24/7/2007,4.6
25/7/2007,4.6
26/7/2007,4.7
27/7/2007,5.7
28/7/2007,8.2
29/7/2007,4.4
30/7/2007,3.6
31/7/2007,3.1
1/8/2007,4.1
2/8/2007,3.5
3/8/2007,3.5
4/8/2007,9.9
5/8/2007,3.1
6/8/2007,3.3
7/8/2007,3.3
8/8/2007,3.4
9/8/2007,3.5
10/8/2007,3.5
11/8/2007,4.1
12/8/2007,3.7
13/8/2007,4.1
14/8/2007,3.3
15/8/2007,3.3
16/8/2007,3.1
17/8/2007,3.8
18/8/2007,3.2
19/8/2007,3.6
20/8/2007,2.7
21/8/2007,3.8
22/8/2007,3.1
23/8/2007,6.6
24/8/2007,8.9
25/8/2007,7.3
26/8/2007,6.7
27/8/2007,4.4
28/8/2007,7.8
29/8/2007,1.9
30/8/2007,6.9
31/8/2007,3.6
1/9/2007,4.7
2/9/2007,6.5
3/9/2007,4.8
4/9/2007,4.7
5/9/2007,3.9
6/9/2007,9.6
7/9/2007,7.9
8/9/2007,3.6
9/9/2007,4.4
10/9/2007,8.6
11/9/2007,7.5
12/9/2007,3.5
13/9/2007,8.7
14/9/2007,7.6
15/9/2007,7.4
16/9/2007,4.6
17/9/2007,8.7
18/9/2007,4.2
19/9/2007,6.9
20/9/2007,4.5
21/9/2007,7.6
22/9/2007,8.2
23/9/2007,7.3
24/9/2007,7.2
25/9/2007,9.3
26/9/2007,3.5
27/9/2007,6.1
28/9/2007,6.4
29/9/2007,4.5
30/9/2007,8.3
1/10/2007,3.7
2/10/2007,3.7
3/10/2007,7.4
4/10/2007,6.6
5/10/2007,9.2
6/10/2007,5.3
7/10/2007,3.1
8/10/2007,5.6
9/10/2007,8.8
10/10/2007,7.1
11/10/2007,3.8
12/10/2007,9.3
13/10/2007,5.4
14/10/2007,8.5
15/10/2007,4.4
16/10/2007,4.6
17/10/2007,5.4
18/10/2007,5.2
19/10/2007,4.2
20/10/2007,8.7
21/10/2007,7.9
22/10/2007,4.8
23/10/2007,4.9
24/10/2007,8.6
25/10/2007,7.4
26/10/2007,9.9
27/10/2007,3.8
28/10/2007,7.9
29/10/2007,6.8
30/10/2007,5.4
31/10/2007,6.7
1/11/2007,4.2
2/11/2007,4.8
3/11/2007,8.6
4/11/2007,8.1
5/11/2007,8.7
6/11/2007,7.7
7/11/2007,7.2
8/11/2007,9.9
9/11/2007,7.4
10/11/2007,7.8
11/11/2007,3.1
12/11/2007,6.9
13/11/2007,5.4
14/11/2007,4.9
15/11/2007,5.3
16/11/2007,9.7
17/11/2007,8.4
18/11/2007,6.1
19/11/2007,5.3
20/11/2007,6.1
21/11/2007,6.5
22/11/2007,7.4
23/11/2007,8.6
24/11/2007,5.5
25/11/2007,9.8
26/11/2007,9.5
27/11/2007,3.7
28/11/2007,6.7
29/11/2007,9.7
30/11/2007,9.9
1/12/2007,7.9
2/12/2007,9.8
3/12/2007,3.4
4/12/2007,3.6
5/12/2007,8.7
6/12/2007,3.7
7/12/2007,6.2
8/12/2007,3.3
9/12/2007,3.3
10/12/2007,3.4
11/12/2007,4.7
12/12/2007,6.2
13/12/2007,5.7
14/12/2007,3.5
15/12/2007,8.3
16/12/2007,3.7
17/12/2007,6.5
18/12/2007,9.4
19/12/2007,7.2
20/12/2007,9.6
21/12/2007,8.4
22/12/2007,8.7
23/12/2007,8.2
24/12/2007,4.3
25/12/2007,8.6
26/12/2007,7.9
27/12/2007,7.5
28/12/2007,2.4
29/12/2007,9.4
30/12/2007,3.2
31/12/2007,6.7
1/1/2008,3.3
2/1/2008,4.3
3/1/2008,9.8
4/1/2008,7.1
5/1/2008,8.3
6/1/2008,7.5
7/1/2008,9.7
8/1/2008,9.2
9/1/2008,7.4
10/1/2008,8.7
11/1/2008,7.8
12/1/2008,3.9
13/1/2008,7.3
14/1/2008,5.9
15/1/2008,8.7
16/1/2008,3.4
17/1/2008,4.8
18/1/2008,7.9
19/1/2008,4.9
20/1/2008,3.3
21/1/2008,8.2
22/1/2008,8.2
23/1/2008,6.6
24/1/2008,3.7
25/1/2008,3.6
26/1/2008,6.6
27/1/2008,8.5
28/1/2008,6.1
29/1/2008,8.1
30/1/2008,3.8
31/1/2008,4.2
1/2/2008,8.7
2/2/2008,6.6
3/2/2008,4.7
4/2/2008,7.6
5/2/2008,3.1
6/2/2008,8.5
7/2/2008,8.6
8/2/2008,3.1
9/2/2008,2.1
10/2/2008,3.8
11/2/2008,6.1
12/2/2008,7.7
13/2/2008,3.7
14/2/2008,5.7
15/2/2008,4.3
16/2/2008,3.3
17/2/2008,8.3
18/2/2008,8.2
19/2/2008,7.4
20/2/2008,8.1
21/2/2008,5.3
22/2/2008,5.2
23/2/2008,3.4
24/2/2008,7.5
25/2/2008,4.6
26/2/2008,6.3
27/2/2008,8.4
28/2/2008,6.4
29/2/2008,4.9
1/3/2008,9.6
2/3/2008,4.3
3/3/2008,3.2
4/3/2008,3.9
5/3/2008,8.1
6/3/2008,3.9
7/3/2008,8.6
8/3/2008,5.6
9/3/2008,8.7
10/3/2008,7.4
11/3/2008,4.7
12/3/2008,3.5
13/3/2008,7.1
14/3/2008,4.6
15/3/2008,1.8
16/3/2008,4.6
17/3/2008,7.5
18/3/2008,9.9
19/3/2008,6.6
20/3/2008,4.1
21/3/2008,6.8
22/3/2008,3.4
23/3/2008,9.4
24/3/2008,8.7
25/3/2008,4.2
26/3/2008,7.7
27/3/2008,3.5
28/3/2008,9.1
29/3/2008,5.3
30/3/2008,2.1
31/3/2008,6.9
1/4/2008,4.4
2/4/2008,4.5
3/4/2008,3.7
4/4/2008,8.8
5/4/2008,3.3
6/4/2008,16.4
7/4/2008,14.3
8/4/2008,14.2
9/4/2008,15.8
10/4/2008,8.04
11/4/2008,9.49
12/4/2008,8.46
13/4/2008,8.59
14/4/2008,8.59
15/4/2008,9.79
16/4/2008,10.1
17/4/2008,9.14
18/4/2008,9.28
19/4/2008,8.73
20/4/2008,9.44
21/4/2008,9.48
22/4/2008,9.48
23/4/2008,8.34
24/4/2008,8.73
25/4/2008,8.73
26/4/2008,8.86
27/4/2008,9.06
28/4/2008,9.02
29/4/2008,9.07
30/4/2008,9.27
1/5/2008,9.31
2/5/2008,9.34
3/5/2008,9.42
4/5/2008,9.78
5/5/2008,9.82
6/5/2008,9.94
7/5/2008,8.03
8/5/2008,8.35
9/5/2008,9.78
10/5/2008,8.89
11/5/2008,9.22
12/5/2008,9.82
13/5/2008,9.98
14/5/2008,8.96
15/5/2008,9.05
16/5/2008,9.09
17/5/2008,9.34
18/5/2008,9.71
19/5/2008,9.86
20/5/2008,10.2
21/5/2008,14.2
22/5/2008,7.73
23/5/2008,7.92
24/5/2008,8.81
25/5/2008,8.85
26/5/2008,9.23
27/5/2008,9.58
28/5/2008,9.72
29/5/2008,9.78
30/5/2008,8.54
31/5/2008,8.63
1/6/2008,9.03
2/6/2008,9.15
3/6/2008,9.77
4/6/2008,9.86
5/6/2008,9.94
6/6/2008,9.95
7/6/2008,8.44
8/6/2008,7.88
9/6/2008,9.12
10/6/2008,8.56
11/6/2008,8.95
12/6/2008,8.97
13/6/2008,9.14
14/6/2008,9.15
15/6/2008,9.31
16/6/2008,9.87
17/6/2008,10.2
18/6/2008,10.4
19/6/2008,13.9
20/6/2008,8.52
21/6/2008,8.66
22/6/2008,9.04
23/6/2008,8.56
24/6/2008,7.47
25/6/2008,8.59
26/6/2008,8.61
27/6/2008,7.81
28/6/2008,8.98
29/6/2008,8.72
30/6/2008,7.95
1/7/2008,8.56
2/7/2008,6.84
3/7/2008,7.01
4/7/2008,7.74
5/7/2008,8.04
6/7/2008,8.36
7/7/2008,8.79
8/7/2008,9.37
9/7/2008,9.43
10/7/2008,9.58
11/7/2008,9.65
12/7/2008,10.5
13/7/2008,8.01
14/7/2008,8.94
15/7/2008,8.91
16/7/2008,10.1
17/7/2008,8.08
18/7/2008,8.29
19/7/2008,8.46
20/7/2008,9.05
21/7/2008,9.21
22/7/2008,9.24
23/7/2008,9.29
24/7/2008,9.34
25/7/2008,9.46
26/7/2008,9.55
27/7/2008,9.56
28/7/2008,9.57
29/7/2008,9.57
30/7/2008,9.63
31/7/2008,9.65
1/8/2008,10.5
2/8/2008,11.6
3/8/2008,12.2
4/8/2008,7.98
5/8/2008,8.87
6/8/2008,9.62
7/8/2008,9.63
8/8/2008,9.72
9/8/2008,9.76
10/8/2008,10.5
11/8/2008,10.7
12/8/2008,12.1
13/8/2008,7.56
14/8/2008,8.44
15/8/2008,10.6
16/8/2008,9.06
17/8/2008,9.75
18/8/2008,10.7
19/8/2008,10.8
20/8/2008,11.5
21/8/2008,13.3
22/8/2008,8.89
23/8/2008,14.6
24/8/2008,9.78
25/8/2008,8.15
26/8/2008,9.09
27/8/2008,9.12
28/8/2008,9.42
29/8/2008,9.52
30/8/2008,9.66
31/8/2008,10.4
1/9/2008,11.1
2/9/2008,11.3
3/9/2008,7.62
4/9/2008,8.92
5/9/2008,9.37
6/9/2008,9.78
7/9/2008,15.1
8/9/2008,3.49
9/9/2008,8.99
10/9/2008,9.54
11/9/2008,9.75
12/9/2008,11.4
13/9/2008,11.5
14/9/2008,11.8
15/9/2008,9.75
16/9/2008,7.52
17/9/2008,8.97
18/9/2008,9.72
19/9/2008,11.4
20/9/2008,11.5
21/9/2008,11.5
22/9/2008,11.8
23/9/2008,13.2
24/9/2008,13.9
25/9/2008,9.88
26/9/2008,8.31
27/9/2008,9.22
28/9/2008,10.7
29/9/2008,11.4
30/9/2008,11.5
1/10/2008,12.4
2/10/2008,14.1
3/10/2008,14.1
4/10/2008,9.15
5/10/2008,8.01
6/10/2008,9.42
7/10/2008,9.94
8/10/2008,10.9
9/10/2008,11.1
10/10/2008,11.6
11/10/2008,11.7
12/10/2008,12.8
13/10/2008,13.2
14/10/2008,15.3
15/10/2008,15.2
16/10/2008,9.14
17/10/2008,8.78
18/10/2008,10.9
19/10/2008,11.8
20/10/2008,10.7
21/10/2008,7.77
22/10/2008,8.86
23/10/2008,9.76
24/10/2008,9.89
25/10/2008,9.98
26/10/2008,13.8
27/10/2008,15.2
28/10/2008,11.4
29/10/2008,9.48
30/10/2008,9.55
31/10/2008,9.69
1/11/2008,10.1
2/11/2008,11.4
3/11/2008,11.6
4/11/2008,11.6
5/11/2008,11.7
6/11/2008,12.5
7/11/2008,12.6
8/11/2008,14.6
9/11/2008,7.97
10/11/2008,9.04
11/11/2008,9.27
12/11/2008,12.4
13/11/2008,12.9
14/11/2008,14.6
15/11/2008,15.4
16/11/2008,8.78
17/11/2008,12.7
18/11/2008,8.35
19/11/2008,8.79
20/11/2008,9.44
21/11/2008,9.65
22/11/2008,11.1
23/11/2008,11.2
24/11/2008,11.8
25/11/2008,14.1
26/11/2008,10.9
27/11/2008,12.3
28/11/2008,12.4
29/11/2008,13.3
30/11/2008,7.56
1/12/2008,9.52
2/12/2008,7.94
3/12/2008,9.61
4/12/2008,10.3
5/12/2008,11.1
6/12/2008,11.4
7/12/2008,13.4
8/12/2008,15.6
9/12/2008,7.15
10/12/2008,6.06
11/12/2008,9.02
12/12/2008,12.3
13/12/2008,15.8
14/12/2008,12.1
15/12/2008,2.96
16/12/2008,8.26
17/12/2008,8.52
18/12/2008,8.89
19/12/2008,9.54
20/12/2008,9.66
21/12/2008,9.68
22/12/2008,10.4
23/12/2008,13.8
24/12/2008,15.1
25/12/2008,9.07
26/12/2008,9.18
27/12/2008,9.56
28/12/2008,9.88
29/12/2008,9.93
30/12/2008,9.98
31/12/2008,11.2
1/1/2009,13.8
2/1/2009,13.9
3/1/2009,7.23
4/1/2009,7.09
5/1/2009,9.23
6/1/2009,9.56
7/1/2009,9.66
8/1/2009,10.5
9/1/2009,12.6
10/1/2009,13.7
11/1/2009,13.9
12/1/2009,16.4
13/1/2009,7.51
14/1/2009,8.09
15/1/2009,9.36
16/1/2009,9.64
17/1/2009,12.2
18/1/2009,12.7
19/1/2009,12.8
20/1/2009,12.8
21/1/2009,13.6
22/1/2009,13.9
23/1/2009,12.4
24/1/2009,12.4
25/1/2009,12.4
26/1/2009,9.24
27/1/2009,9.67
28/1/2009,9.92
29/1/2009,12.4
30/1/2009,12.5
31/1/2009,13.6
1/2/2009,12.4
2/2/2009,8.58
3/2/2009,6.92
4/2/2009,8.92
5/2/2009,9.33
6/2/2009,13.9
7/2/2009,6.88
8/2/2009,7.08
9/2/2009,9.94
10/2/2009,9.95
11/2/2009,12.5
12/2/2009,13.9
13/2/2009,8.46
14/2/2009,10.4
15/2/2009,8.47
16/2/2009,8.81
17/2/2009,9.14
18/2/2009,9.27
19/2/2009,9.53
20/2/2009,11.5
21/2/2009,13.4
22/2/2009,6.18
23/2/2009,7.44
24/2/2009,9.72
25/2/2009,11.4
26/2/2009,13.6
27/2/2009,7.84
28/2/2009,7.88
1/3/2009,8.38
2/3/2009,8.61
3/3/2009,9.21
4/3/2009,9.74
5/3/2009,9.47
6/3/2009,7.02
7/3/2009,7.97
8/3/2009,9.06
9/3/2009,9.12
10/3/2009,9.14
11/3/2009,9.86
12/3/2009,11.8
13/3/2009,12.5
14/3/2009,14.4
15/3/2009,7.98
16/3/2009,11.5
17/3/2009,9.34
18/3/2009,8.02
19/3/2009,9.18
20/3/2009,9.72
21/3/2009,9.82
22/3/2009,11.5
23/3/2009,7.58
24/3/2009,11.6
25/3/2009,8.41
26/3/2009,9.57
27/3/2009,10.5
28/3/2009,11.8
29/3/2009,13.2
30/3/2009,13.4
31/3/2009,14.1
1/4/2009,14.2
2/4/2009,14.7
3/4/2009,7.36
4/4/2009,14.3
5/4/2009,8.82
6/4/2009,9.28
7/4/2009,9.32
8/4/2009,9.33
9/4/2009,10.2
10/4/2009,11.7
11/4/2009,13.4
12/4/2009,13.9
13/4/2009,14.4
14/4/2009,9.41
15/4/2009,6.43
16/4/2009,8.61
17/4/2009,9.92
18/4/2009,16.4
19/4/2009,13.5
20/4/2009,7.92
21/4/2009,8.28
22/4/2009,8.13
23/4/2009,9.06
24/4/2009,9.16
25/4/2009,9.64
26/4/2009,9.87
27/4/2009,11.1
28/4/2009,13.6
29/4/2009,13.7
30/4/2009,13.9
1/5/2009,15.3
2/5/2009,12.3
3/5/2009,14.7
4/5/2009,8.54
5/5/2009,3.04
6/5/2009,8.53
7/5/2009,9.04
8/5/2009,9.05
9/5/2009,9.19
10/5/2009,10.9
11/5/2009,14.1
12/5/2009,14.2
13/5/2009,15.8
14/5/2009,8.81
15/5/2009,9.74
16/5/2009,9.83
17/5/2009,8.83
18/5/2009,9.14
19/5/2009,9.21
20/5/2009,12.9
21/5/2009,13.9
22/5/2009,9.02
23/5/2009,7.62
24/5/2009,8.66
25/5/2009,8.82
26/5/2009,8.94
27/5/2009,8.94
28/5/2009,9.35
29/5/2009,9.49
30/5/2009,9.74
31/5/2009,10.6
1/6/2009,11.4
2/6/2009,11.7
3/6/2009,12.4
4/6/2009,12.8
5/6/2009,13.6
6/6/2009,15.5
7/6/2009,10.7
8/6/2009,8.74
9/6/2009,7.33
10/6/2009,11.7
11/6/2009,12.4
12/6/2009,8.87
13/6/2009,8.88
14/6/2009,9.22
15/6/2009,9.23
16/6/2009,9.73
17/6/2009,10.5
18/6/2009,12.2
19/6/2009,13.3
20/6/2009,15.7
21/6/2009,8.69
22/6/2009,8.13
23/6/2009,8.58
24/6/2009,8.86
25/6/2009,9.38
26/6/2009,7.34
27/6/2009,7.58
28/6/2009,7.66
29/6/2009,8.92
30/6/2009,9.88
1/7/2009,10.8
2/7/2009,11.4
3/7/2009,14.5
4/7/2009,9.86
5/7/2009,11.3
6/7/2009,8.39
7/7/2009,8.42
8/7/2009,9.07
9/7/2009,9.09
10/7/2009,9.48
11/7/2009,9.64
12/7/2009,9.85
13/7/2009,12.7
14/7/2009,13.2
15/7/2009,13.8
16/7/2009,13.9
17/7/2009,13.9
18/7/2009,16.5
19/7/2009,15.3
20/7/2009,8.11
21/7/2009,8.62
22/7/2009,8.65
23/7/2009,8.82
24/7/2009,9.17
25/7/2009,9.31
26/7/2009,9.62
27/7/2009,9.75
28/7/2009,9.76
29/7/2009,9.86
30/7/2009,12.4
31/7/2009,13.1
1/8/2009,13.2
2/8/2009,13.3
3/8/2009,13.6
4/8/2009,14.2
5/8/2009,14.7
6/8/2009,9.66
7/8/2009,7.33
8/8/2009,7.73
9/8/2009,7.98
10/8/2009,8.23
11/8/2009,8.56
12/8/2009,8.64
13/8/2009,8.64
14/8/2009,8.73
15/8/2009,9.34
16/8/2009,9.55
17/8/2009,9.83
18/8/2009,10.4
19/8/2009,11.2
20/8/2009,14.4
21/8/2009,14.4
22/8/2009,15.7
23/8/2009,14.8
24/8/2009,7.38
25/8/2009,7.32
26/8/2009,9.34
27/8/2009,10.6
28/8/2009,10.8
29/8/2009,7.44
30/8/2009,8.55
31/8/2009,9.37
1/9/2009,9.51
2/9/2009,9.63
3/9/2009,9.91
4/9/2009,13.8
5/9/2009,13.9
6/9/2009,14.2
7/9/2009,14.2
8/9/2009,14.6
9/9/2009,14.7
10/9/2009,14.7
11/9/2009,15.3
12/9/2009,14.1
13/9/2009,8.24
14/9/2009,8.52
15/9/2009,8.54
16/9/2009,8.54
17/9/2009,8.56
18/9/2009,8.56
19/9/2009,10.8
20/9/2009,13.2
21/9/2009,13.4
22/9/2009,13.7
23/9/2009,15.4
24/9/2009,9.27
25/9/2009,9.58
26/9/2009,8.61
27/9/2009,7.36
28/9/2009,7.41
29/9/2009,8.64
30/9/2009,8.79
1/10/2009,6.34
2/10/2009,7.53
3/10/2009,7.96
4/10/2009,8.61
5/10/2009,8.62
6/10/2009,8.78
7/10/2009,9.19
8/10/2009,9.23
9/10/2009,9.29
10/10/2009,9.57
11/10/2009,9.74
12/10/2009,9.91
13/10/2009,9.91
14/10/2009,11.6
15/10/2009,12.4
16/10/2009,13.8
17/10/2009,15.2
18/10/2009,15.3
19/10/2009,9.62
20/10/2009,8.57
21/10/2009,7.52
22/10/2009,8.12
23/10/2009,7.78
24/10/2009,8.09
25/10/2009,8.29
26/10/2009,8.64
27/10/2009,9.67
28/10/2009,9.76
29/10/2009,9.82
30/10/2009,13.1
31/10/2009,13.8
1/11/2009,14.3
2/11/2009,14.8
3/11/2009,14.8
4/11/2009,15.2
5/11/2009,15.2
6/11/2009,15.2
7/11/2009,15.3
8/11/2009,15.3
9/11/2009,8.12
10/11/2009,6.87
11/11/2009,9.56
12/11/2009,7.11
13/11/2009,7.72
14/11/2009,8.19
15/11/2009,8.24
16/11/2009,8.75
17/11/2009,9.24
18/11/2009,9.43
19/11/2009,9.46
20/11/2009,9.56
21/11/2009,9.67
22/11/2009,10.4
23/11/2009,10.6
24/11/2009,14.1
25/11/2009,14.4
26/11/2009,14.5
27/11/2009,15.4
28/11/2009,15.5
29/11/2009,17.1
30/11/2009,12.4
1/12/2009,8.46
2/12/2009,8.02
3/12/2009,7.19
4/12/2009,7.42
5/12/2009,8.04
6/12/2009,8.11
7/12/2009,8.18
8/12/2009,8.47
9/12/2009,8.62
10/12/2009,9.34
11/12/2009,9.47
12/12/2009,9.54
13/12/2009,9.64
14/12/2009,9.69
15/12/2009,14.7
16/12/2009,14.9
17/12/2009,15.2
18/12/2009,15.8
19/12/2009,14.6
20/12/2009,9.48
21/12/2009,10.5
22/12/2009,16.8
23/12/2009,9.68
24/12/2009,17.2
25/12/2009,8.36
26/12/2009,9.28
27/12/2009,9.51
28/12/2009,8.33
29/12/2009,7.44
30/12/2009,7.72
31/12/2009,7.77
1/1/2010,8.18
2/1/2010,8.56
3/1/2010,9.09
4/1/2010,9.24
5/1/2010,9.32
6/1/2010,9.36
7/1/2010,9.46
8/1/2010,14.6
9/1/2010,14.7
10/1/2010,9.56
11/1/2010,9.28
12/1/2010,6.25
13/1/2010,8.12
14/1/2010,8.53
15/1/2010,8.24
16/1/2010,8.32
17/1/2010,8.35
18/1/2010,8.42
19/1/2010,8.51
20/1/2010,9.18
21/1/2010,9.21
22/1/2010,9.22
23/1/2010,9.24
24/1/2010,9.62
25/1/2010,11.5
26/1/2010,13.8
27/1/2010,14.6
28/1/2010,15.2
29/1/2010,15.3
30/1/2010,15.5
31/1/2010,16.2
1/2/2010,14.4
2/2/2010,7.05
3/2/2010,7.98
4/2/2010,8.28
5/2/2010,8.34
6/2/2010,8.37
7/2/2010,8.56
8/2/2010,8.62
9/2/2010,8.92
10/2/2010,8.93
11/2/2010,9.12
12/2/2010,13.6
13/2/2010,13.9
14/2/2010,14.7
15/2/2010,14.8
16/2/2010,15.3
17/2/2010,17.5
18/2/2010,10.6
19/2/2010,14.8
20/2/2010,8.31
21/2/2010,8.66
22/2/2010,7.04
23/2/2010,8.14
24/2/2010,8.08
25/2/2010,8.12
26/2/2010,8.73
27/2/2010,9.17
28/2/2010,9.49
1/3/2010,9.76
2/3/2010,9.78
3/3/2010,9.82
4/3/2010,13.7
5/3/2010,14.5
6/3/2010,14.8
7/3/2010,14.9
8/3/2010,14.9
9/3/2010,15.3
10/3/2010,16.8
11/3/2010,5.68
12/3/2010,6.55
13/3/2010,7.02
14/3/2010,8.08
15/3/2010,8.26
16/3/2010,8.42
17/3/2010,8.81
18/3/2010,9.06
19/3/2010,9.33
20/3/2010,9.36
21/3/2010,9.62
22/3/2010,9.64
23/3/2010,9.83
24/3/2010,9.18
25/3/2010,9.15
26/3/2010,9.66
27/3/2010,7.98
28/3/2010,8.69
29/3/2010,6.09
30/3/2010,6.38
31/3/2010,7.81
1/4/2010,7.97
2/4/2010,8.36
3/4/2010,8.62
4/4/2010,8.91
5/4/2010,8.92
6/4/2010,8.96
7/4/2010,9.16
8/4/2010,9.36
9/4/2010,9.53
10/4/2010,9.64
11/4/2010,9.77
12/4/2010,15.3
13/4/2010,17.4
14/4/2010,16.5
15/4/2010,9.53
16/4/2010,15.5
17/4/2010,6.71
18/4/2010,7.09
19/4/2010,7.33
20/4/2010,7.58
21/4/2010,7.74
22/4/2010,7.75
23/4/2010,7.96
24/4/2010,8.06
25/4/2010,8.24
26/4/2010,8.98
27/4/2010,9.24
28/4/2010,9.37
29/4/2010,9.45
30/4/2010,15.5
1/5/2010,16.1
2/5/2010,16.4
3/5/2010,9.45
4/5/2010,18.5
5/5/2010,7.12
6/5/2010,7.43
7/5/2010,7.76
8/5/2010,8.19
9/5/2010,8.31
10/5/2010,8.31
11/5/2010,8.42
12/5/2010,8.45
13/5/2010,8.54
14/5/2010,8.78
15/5/2010,8.84
16/5/2010,8.86
17/5/2010,8.91
18/5/2010,8.94
19/5/2010,9.09
20/5/2010,9.14
21/5/2010,9.19
22/5/2010,9.39
23/5/2010,10.9
24/5/2010,11.5
25/5/2010,15.2
26/5/2010,15.6
27/5/2010,16.5
28/5/2010,16.5
29/5/2010,17.5
30/5/2010,17.2
31/5/2010,17.8
1/6/2010,7.68
2/6/2010,8.55
3/6/2010,9.18
4/6/2010,9.61
5/6/2010,9.23
6/6/2010,7.66
7/6/2010,9.01
8/6/2010,9.05
9/6/2010,9.15
10/6/2010,6.24
11/6/2010,6.95
12/6/2010,7.08
13/6/2010,7.71
14/6/2010,7.72
15/6/2010,7.86
16/6/2010,7.89
17/6/2010,7.89
18/6/2010,7.94
19/6/2010,7.96
20/6/2010,8.12
21/6/2010,9.91
22/6/2010,14.9
23/6/2010,15.6
24/6/2010,8.86
25/6/2010,8.96
26/6/2010,9.56
27/6/2010,16.1
28/6/2010,7.98
29/6/2010,7.36
30/6/2010,5.64
1/7/2010,6.15
2/7/2010,6.72
3/7/2010,7.04
4/7/2010,7.24
5/7/2010,7.46
6/7/2010,7.62
7/7/2010,7.75
8/7/2010,7.78
9/7/2010,8.18
10/7/2010,8.19
11/7/2010,8.26
12/7/2010,8.42
13/7/2010,8.46
14/7/2010,8.58
15/7/2010,8.64
16/7/2010,8.88
17/7/2010,8.93
18/7/2010,9.38
19/7/2010,15.3
20/7/2010,15.9
21/7/2010,6.77
22/7/2010,9.74
23/7/2010,4.19
24/7/2010,6.34
25/7/2010,6.49
26/7/2010,6.82
27/7/2010,6.87
28/7/2010,6.92
29/7/2010,7.25
30/7/2010,7.27
31/7/2010,7.28
1/8/2010,7.53
2/8/2010,7.58
3/8/2010,7.72
4/8/2010,7.76
5/8/2010,7.78
6/8/2010,7.96
7/8/2010,8.02
8/8/2010,8.11
9/8/2010,8.16
10/8/2010,8.18
11/8/2010,8.22
12/8/2010,8.27
13/8/2010,8.31
14/8/2010,8.32
15/8/2010,8.34
16/8/2010,8.44
17/8/2010,8.68
18/8/2010,8.71
19/8/2010,8.98
20/8/2010,8.98
21/8/2010,9.51
22/8/2010,15.6
23/8/2010,15.7
24/8/2010,16.4
25/8/2010,17.1
26/8/2010,9.08
27/8/2010,7.84
28/8/2010,7.74
29/8/2010,5.76
30/8/2010,5.98
31/8/2010,6.26
1/9/2010,6.69
2/9/2010,6.86
3/9/2010,7.18
4/9/2010,7.44
5/9/2010,7.57
6/9/2010,7.64
7/9/2010,7.77
8/9/2010,7.79
9/9/2010,7.86
10/9/2010,7.89
11/9/2010,8.03
12/9/2010,8.35
13/9/2010,8.45
14/9/2010,8.74
15/9/2010,8.83
16/9/2010,9.29
17/9/2010,9.32
18/9/2010,9.65
19/9/2010,10.3
20/9/2010,15.4
21/9/2010,16.1
22/9/2010,8.66
23/9/2010,8.68
24/9/2010,9.06
25/9/2010,9.73
26/9/2010,16.3
27/9/2010,7.65
28/9/2010,7.66
29/9/2010,8.32
30/9/2010,9.34
1/10/2010,7.91
2/10/2010,6.56
3/10/2010,7.04
4/10/2010,7.16
5/10/2010,7.43
6/10/2010,7.47
7/10/2010,7.57
8/10/2010,7.75
9/10/2010,7.85
10/10/2010,7.94
11/10/2010,8.08
12/10/2010,8.09
13/10/2010,8.12
14/10/2010,8.21
15/10/2010,8.21
16/10/2010,8.25
17/10/2010,8.28
18/10/2010,8.44
19/10/2010,8.79
20/10/2010,9.14
21/10/2010,9.31
22/10/2010,15.8
23/10/2010,8.59
24/10/2010,7.84
25/10/2010,18.2
26/10/2010,16.9
27/10/2010,18.2
28/10/2010,7.63
29/10/2010,6.84
30/10/2010,6.15
31/10/2010,7.07
1/11/2010,7.03
2/11/2010,6.85
3/11/2010,7.28
4/11/2010,7.93
5/11/2010,7.66
6/11/2010,4.46
7/11/2010,4.56
8/11/2010,4.87
9/11/2010,5.49
10/11/2010,5.56
11/11/2010,5.67
12/11/2010,6.56
13/11/2010,6.61
14/11/2010,6.62
15/11/2010,6.76
16/11/2010,7.02
17/11/2010,7.16
18/11/2010,7.35
19/11/2010,8.31
20/11/2010,8.32
21/11/2010,8.42
22/11/2010,8.57
23/11/2010,8.66
24/11/2010,8.98
25/11/2010,9.25
26/11/2010,9.71
27/11/2010,9.83
28/11/2010,16.2
29/11/2010,17.7
30/11/2010,9.08
1/12/2010,9.44
2/12/2010,17.8
3/12/2010,19.1
4/12/2010,5.92
5/12/2010,6.95
6/12/2010,7.97
7/12/2010,9.69
8/12/2010,3.11
9/12/2010,5.38
10/12/2010,5.69
11/12/2010,6.09
12/12/2010,6.47
13/12/2010,6.54
14/12/2010,6.62
15/12/2010,6.65
16/12/2010,6.72
17/12/2010,6.84
18/12/2010,6.92
19/12/2010,6.98
20/12/2010,7.12
21/12/2010,7.19
22/12/2010,7.21
23/12/2010,7.48
24/12/2010,7.53
25/12/2010,7.68
26/12/2010,7.74
27/12/2010,7.81
28/12/2010,7.82
29/12/2010,8.06
30/12/2010,8.18
31/12/2010,8.56
1/1/2011,8.58
2/1/2011,9.27
3/1/2011,9.42
4/1/2011,9.93
5/1/2011,16.8
6/1/2011,16.9
7/1/2011,17.1
8/1/2011,17.1
9/1/2011,17.9
10/1/2011,9.54
11/1/2011,7.18
12/1/2011,7.17
13/1/2011,6.21
14/1/2011,5.68
15/1/2011,6.91
16/1/2011,6.87
17/1/2011,7.46
18/1/2011,8.22
19/1/2011,8.55
20/1/2011,5.28
21/1/2011,5.68
22/1/2011,5.77
23/1/2011,5.81
24/1/2011,6.05
25/1/2011,6.13
26/1/2011,6.26
27/1/2011,6.27
28/1/2011,6.28
29/1/2011,6.45
30/1/2011,6.61
31/1/2011,6.64
1/2/2011,6.65
2/2/2011,6.68
3/2/2011,6.72
4/2/2011,6.76
5/2/2011,6.86
6/2/2011,6.87
7/2/2011,6.94
8/2/2011,7.08
9/2/2011,7.08
10/2/2011,7.14
11/2/2011,7.15
12/2/2011,7.23
13/2/2011,7.27
14/2/2011,7.31
15/2/2011,7.39
16/2/2011,7.52
17/2/2011,7.56
18/2/2011,7.69
19/2/2011,7.69
20/2/2011,7.75
21/2/2011,7.86
22/2/2011,7.91
23/2/2011,7.91
24/2/2011,7.99
25/2/2011,8.15
26/2/2011,8.46
27/2/2011,8.49
28/2/2011,8.55
1/3/2011,8.63
2/3/2011,8.66
3/3/2011,9.12
4/3/2011,9.13
5/3/2011,9.72
6/3/2011,16.3
7/3/2011,16.5
8/3/2011,17.1
9/3/2011,8.62
10/3/2011,9.39
11/3/2011,17.1
12/3/2011,18.6
13/3/2011,17.9
14/3/2011,6.66
15/3/2011,5.19
16/3/2011,7.94
17/3/2011,6.44
18/3/2011,7.63
19/3/2011,5.94
20/3/2011,6.04
21/3/2011,6.07
22/3/2011,3.17
23/3/2011,4.93
24/3/2011,5.16
25/3/2011,5.34
26/3/2011,5.68
27/3/2011,5.88
28/3/2011,5.92
29/3/2011,5.94
30/3/2011,5.98
31/3/2011,6.13
1/4/2011,6.22
2/4/2011,6.24
3/4/2011,6.49
4/4/2011,6.52
5/4/2011,6.53
6/4/2011,6.62
7/4/2011,6.68
8/4/2011,6.78
9/4/2011,6.86
10/4/2011,6.87
11/4/2011,7.15
12/4/2011,7.21
13/4/2011,7.22
14/4/2011,7.24
15/4/2011,7.24
16/4/2011,7.26
17/4/2011,7.29
18/4/2011,7.35
19/4/2011,7.36
20/4/2011,7.44
21/4/2011,7.45
22/4/2011,7.52
23/4/2011,7.61
24/4/2011,7.66
25/4/2011,7.73
26/4/2011,7.74
27/4/2011,7.77
28/4/2011,7.86
29/4/2011,7.89
30/4/2011,7.97
1/5/2011,7.99
2/5/2011,8.04
3/5/2011,8.09
4/5/2011,8.15
5/5/2011,8.16
6/5/2011,8.26
7/5/2011,8.27
8/5/2011,8.34
9/5/2011,8.36
10/5/2011,8.48
11/5/2011,8.53
12/5/2011,8.56
13/5/2011,8.72
14/5/2011,8.72
15/5/2011,9.15
16/5/2011,9.21
17/5/2011,16.3
18/5/2011,16.6
19/5/2011,8.39
20/5/2011,9.42
21/5/2011,8.46
22/5/2011,6.33
23/5/2011,7.74
24/5/2011,5.08
25/5/2011,5.22
26/5/2011,5.34
27/5/2011,5.56
28/5/2011,5.82
29/5/2011,5.84
30/5/2011,5.86
31/5/2011,5.88
1/6/2011,5.89
2/6/2011,5.94
3/6/2011,5.96
4/6/2011,6.04
5/6/2011,6.16
6/6/2011,6.18
7/6/2011,6.19
8/6/2011,6.22
9/6/2011,6.24
10/6/2011,6.34
11/6/2011,6.42
12/6/2011,6.52
13/6/2011,6.64
14/6/2011,6.66
15/6/2011,6.68
16/6/2011,6.78
17/6/2011,6.92
18/6/2011,6.93
19/6/2011,6.94
20/6/2011,6.97
21/6/2011,7.11
22/6/2011,7.21
23/6/2011,7.34
24/6/2011,7.38
25/6/2011,7.43
26/6/2011,7.51
27/6/2011,7.79
28/6/2011,7.84
29/6/2011,7.87
30/6/2011,7.88
1/7/2011,7.94
2/7/2011,7.96
3/7/2011,8.23
4/7/2011,8.43
5/7/2011,8.62
6/7/2011,8.75
7/7/2011,16.9
8/7/2011,17.9
9/7/2011,9.06
10/7/2011,9.26
11/7/2011,9.49
12/7/2011,8.68
13/7/2011,9.95
14/7/2011,7.38
15/7/2011,5.58
16/7/2011,7.44
17/7/2011,6.01
18/7/2011,4.99
19/7/2011,6.54
20/7/2011,6.54
21/7/2011,7.27
22/7/2011,7.77
23/7/2011,7.88
24/7/2011,6.26
25/7/2011,7.28
26/7/2011,7.34
27/7/2011,7.72
28/7/2011,7.92
29/7/2011,5.64
30/7/2011,4.48
31/7/2011,5.02
1/8/2011,5.14
2/8/2011,5.27
3/8/2011,5.44
4/8/2011,5.47
5/8/2011,5.54
6/8/2011,5.63
7/8/2011,5.67
8/8/2011,5.77
9/8/2011,5.83
10/8/2011,5.93
11/8/2011,5.94
12/8/2011,5.97
13/8/2011,6.08
14/8/2011,6.12
15/8/2011,6.21
16/8/2011,6.21
17/8/2011,6.34
18/8/2011,6.37
19/8/2011,6.54
20/8/2011,6.55
21/8/2011,6.56
22/8/2011,6.62
23/8/2011,6.64
24/8/2011,6.64
25/8/2011,6.76
26/8/2011,6.87
27/8/2011,6.88
28/8/2011,6.92
29/8/2011,7.04
30/8/2011,7.05
31/8/2011,7.07
1/9/2011,7.16
2/9/2011,7.18
3/9/2011,7.55
4/9/2011,7.55
5/9/2011,7.63
6/9/2011,7.68
7/9/2011,7.78
8/9/2011,7.83
9/9/2011,7.87
10/9/2011,7.91
11/9/2011,7.94
12/9/2011,8.05
13/9/2011,8.15
14/9/2011,8.16
15/9/2011,8.26
16/9/2011,8.35
17/9/2011,8.36
18/9/2011,8.37
19/9/2011,8.46
20/9/2011,9.04
21/9/2011,9.06
22/9/2011,9.98
23/9/2011,17.6
24/9/2011,8.84
25/9/2011,3.49
26/9/2011,7.47
27/9/2011,9.68
28/9/2011,18.9
29/9/2011,16.7
30/9/2011,7.12
1/10/2011,4.97
2/10/2011,5.45
3/10/2011,5.47
4/10/2011,6.99
5/10/2011,8.18
6/10/2011,9.45
7/10/2011,8.19
8/10/2011,4.42
9/10/2011,4.98
10/10/2011,5.14
11/10/2011,5.52
12/10/2011,5.54
13/10/2011,5.58
14/10/2011,5.87
15/10/2011,6.08
16/10/2011,6.14
17/10/2011,6.38
18/10/2011,6.49
19/10/2011,6.52
20/10/2011,6.56
21/10/2011,6.58
22/10/2011,6.58
23/10/2011,6.94
24/10/2011,6.94
25/10/2011,6.94
26/10/2011,6.94
27/10/2011,7.08
28/10/2011,7.18
29/10/2011,7.22
30/10/2011,7.26
31/10/2011,7.27
1/11/2011,7.27
2/11/2011,7.35
3/11/2011,7.36
4/11/2011,7.42
5/11/2011,7.48
6/11/2011,7.51
7/11/2011,7.68
8/11/2011,7.82
9/11/2011,8.01
10/11/2011,8.08
11/11/2011,8.38
12/11/2011,8.94
13/11/2011,9.12
14/11/2011,9.84
15/11/2011,9.99
16/11/2011,17.2
17/11/2011,17.8
18/11/2011,7.36
19/11/2011,7.47
20/11/2011,6.52
21/11/2011,9.56
22/11/2011,8.43
23/11/2011,6.12
24/11/2011,6.43
25/11/2011,5.07
26/11/2011,4.44
27/11/2011,5.34
28/11/2011,5.36
29/11/2011,5.65
30/11/2011,5.84
1/12/2011,5.87
2/12/2011,5.98
3/12/2011,6.01
4/12/2011,6.09
5/12/2011,6.12
6/12/2011,6.22
7/12/2011,6.23
8/12/2011,6.29
9/12/2011,6.38
10/12/2011,6.44
11/12/2011,6.61
12/12/2011,6.73
13/12/2011,6.74
14/12/2011,6.82
15/12/2011,6.89
16/12/2011,6.93
17/12/2011,6.94
18/12/2011,7.03
19/12/2011,7.24
20/12/2011,7.27
21/12/2011,7.38
22/12/2011,7.41
23/12/2011,7.46
24/12/2011,7.46
25/12/2011,7.47
26/12/2011,7.82
27/12/2011,7.88
28/12/2011,7.92
29/12/2011,8.39
30/12/2011,8.39
31/12/2011,8.42
1/1/2012,8.59
2/1/2012,9.82
3/1/2012,9.94
4/1/2012,16.9
5/1/2012,3.46
6/1/2012,6.48
7/1/2012,7.48
8/1/2012,8.72
9/1/2012,8.16
10/1/2012,18.9
11/1/2012,10.6
12/1/2012,5.74
13/1/2012,6.65
14/1/2012,6.82
15/1/2012,7.01
16/1/2012,5.56
17/1/2012,7.78
18/1/2012,6.56
19/1/2012,3.45
20/1/2012,3.77
21/1/2012,4.42
22/1/2012,4.68
23/1/2012,4.76
24/1/2012,5.13
25/1/2012,5.39
26/1/2012,5.52
27/1/2012,5.67
28/1/2012,5.68
29/1/2012,5.82
30/1/2012,5.82
31/1/2012,5.94
1/2/2012,6.03
2/2/2012,6.04
3/2/2012,6.05
4/2/2012,6.06
5/2/2012,6.06
6/2/2012,6.19
7/2/2012,6.32
8/2/2012,6.38
9/2/2012,6.44
10/2/2012,6.47
11/2/2012,6.51
12/2/2012,6.67
13/2/2012,6.68
14/2/2012,6.71
15/2/2012,6.74
16/2/2012,6.81
17/2/2012,6.97
18/2/2012,6.98
19/2/2012,6.98
20/2/2012,7.16
21/2/2012,7.62
22/2/2012,7.62
23/2/2012,7.67
24/2/2012,7.72
25/2/2012,7.74
26/2/2012,7.78
27/2/2012,7.84
28/2/2012,8.01
29/2/2012,8.26
1/3/2012,8.26
2/3/2012,8.42
3/3/2012,8.62
4/3/2012,9.02
5/3/2012,9.05
6/3/2012,9.67
7/3/2012,8.52
8/3/2012,7.92
9/3/2012,7.25
10/3/2012,19.3
11/3/2012,9.88
12/3/2012,5.59
13/3/2012,4.86
14/3/2012,5.36
15/3/2012,5.39
16/3/2012,7.73
17/3/2012,4.55
18/3/2012,5.38
19/3/2012,5.67
20/3/2012,5.94
21/3/2012,5.94
22/3/2012,6.17
23/3/2012,6.17
24/3/2012,6.29
25/3/2012,6.37
26/3/2012,6.44
27/3/2012,6.44
28/3/2012,6.45
29/3/2012,6.57
30/3/2012,6.59
31/3/2012,6.59
1/4/2012,6.59
2/4/2012,6.69
3/4/2012,6.78
4/4/2012,6.79
5/4/2012,6.82
6/4/2012,6.98
7/4/2012,7.02
8/4/2012,7.02
9/4/2012,7.27
10/4/2012,7.36
11/4/2012,7.44
12/4/2012,7.45
13/4/2012,7.46
14/4/2012,7.54
15/4/2012,7.82
16/4/2012,7.87
17/4/2012,7.96
18/4/2012,8.12
19/4/2012,8.24
20/4/2012,8.33
21/4/2012,8.59
22/4/2012,8.82
23/4/2012,8.96
24/4/2012,8.99
25/4/2012,9.09
26/4/2012,8.07
27/4/2012,6.55
28/4/2012,6.51
29/4/2012,6.96
30/4/2012,8.56
1/5/2012,19.2
2/5/2012,9.84
3/5/2012,6.04
4/5/2012,4.68
5/5/2012,6.06
6/5/2012,4.18
7/5/2012,4.77
8/5/2012,4.96
9/5/2012,4.98
10/5/2012,5.02
11/5/2012,5.03
12/5/2012,5.39
13/5/2012,5.73
14/5/2012,5.79
15/5/2012,5.89
16/5/2012,6.19
17/5/2012,6.26
18/5/2012,6.34
19/5/2012,6.56
20/5/2012,6.78
21/5/2012,6.79
22/5/2012,6.81
23/5/2012,6.91
24/5/2012,6.94
25/5/2012,7.01
26/5/2012,7.03
27/5/2012,7.12
28/5/2012,7.18
29/5/2012,7.23
30/5/2012,7.27
31/5/2012,7.27
1/6/2012,7.32
2/6/2012,7.49
3/6/2012,7.62
4/6/2012,7.95
5/6/2012,8.12
6/6/2012,8.45
7/6/2012,8.63
8/6/2012,8.95
9/6/2012,9.13
10/6/2012,16.3
11/6/2012,8.74
12/6/2012,7.62
13/6/2012,9.42
14/6/2012,7.13
15/6/2012,5.49
16/6/2012,4.29
17/6/2012,4.11
18/6/2012,4.91
19/6/2012,5.83
20/6/2012,7.09
21/6/2012,5.72
22/6/2012,3.98
23/6/2012,4.33
24/6/2012,4.43
25/6/2012,4.59
26/6/2012,4.64
27/6/2012,4.68
28/6/2012,4.85
29/6/2012,4.91
30/6/2012,4.92
1/7/2012,4.94
2/7/2012,4.96
3/7/2012,4.99
4/7/2012,5.04
5/7/2012,5.24
6/7/2012,5.37
7/7/2012,5.48
8/7/2012,5.74
9/7/2012,5.82
10/7/2012,6.05
11/7/2012,6.24
12/7/2012,6.25
13/7/2012,6.28
14/7/2012,6.39
15/7/2012,6.44
16/7/2012,6.82
17/7/2012,6.84
18/7/2012,6.88
19/7/2012,7.06
20/7/2012,7.25
21/7/2012,7.27
22/7/2012,7.36
23/7/2012,7.46
24/7/2012,7.68
25/7/2012,7.85
26/7/2012,8.22
27/7/2012,8.42
28/7/2012,8.52
29/7/2012,8.53
30/7/2012,8.97
31/7/2012,9.68
1/8/2012,17.7
2/8/2012,18.1
3/8/2012,3.54
4/8/2012,6.36
5/8/2012,6.36
6/8/2012,8.48
7/8/2012,4.84
8/8/2012,4.43
9/8/2012,4.27
10/8/2012,5.59
11/8/2012,4.85
12/8/2012,4.28
13/8/2012,4.32
14/8/2012,4.39
15/8/2012,4.43
16/8/2012,4.46
17/8/2012,4.46
18/8/2012,4.46
19/8/2012,4.62
20/8/2012,4.64
21/8/2012,4.74
22/8/2012,4.84
23/8/2012,4.97
24/8/2012,4.98
25/8/2012,5.04
26/8/2012,5.11
27/8/2012,5.24
28/8/2012,5.25
29/8/2012,5.32
30/8/2012,5.34
31/8/2012,5.42
1/9/2012,5.52
2/9/2012,5.71
3/9/2012,5.86
4/9/2012,6.27
5/9/2012,6.37
6/9/2012,6.38
7/9/2012,6.41
8/9/2012,6.54
9/9/2012,6.62
10/9/2012,6.83
11/9/2012,6.88
12/9/2012,7.13
13/9/2012,7.39
14/9/2012,7.62
15/9/2012,7.71
16/9/2012,7.75
17/9/2012,8.01
18/9/2012,8.06
19/9/2012,8.08
20/9/2012,8.58
21/9/2012,9.69
22/9/2012,12.5
23/9/2012,8.38
24/9/2012,8.19
25/9/2012,5.22
26/9/2012,5.12
27/9/2012,5.88
28/9/2012,6.53
29/9/2012,8.24
30/9/2012,4.75
1/10/2012,4.37
2/10/2012,4.14
3/10/2012,4.22
4/10/2012,4.43
5/10/2012,4.48
6/10/2012,4.65
7/10/2012,4.74
8/10/2012,4.76
9/10/2012,4.78
10/10/2012,4.95
11/10/2012,5.02
12/10/2012,5.42
13/10/2012,5.71
14/10/2012,5.86
15/10/2012,6.18
16/10/2012,6.26
17/10/2012,6.44
18/10/2012,6.46
19/10/2012,6.94
20/10/2012,7.03
21/10/2012,7.25
22/10/2012,7.26
23/10/2012,7.38
24/10/2012,7.42
25/10/2012,7.62
26/10/2012,7.85
27/10/2012,7.87
28/10/2012,8.22
29/10/2012,8.28
30/10/2012,8.42
31/10/2012,8.44
1/11/2012,8.49
2/11/2012,8.76
3/11/2012,8.81
4/11/2012,8.81
5/11/2012,9.58
6/11/2012,3.24
7/11/2012,8.15
8/11/2012,8.38
9/11/2012,7.38
10/11/2012,8.72
11/11/2012,5.53
12/11/2012,5.22
13/11/2012,4.51
14/11/2012,4.68
15/11/2012,5.09
16/11/2012,7.05
17/11/2012,6.44
18/11/2012,4.37
19/11/2012,4.64
20/11/2012,4.64
21/11/2012,4.64
22/11/2012,4.66
23/11/2012,4.71
24/11/2012,4.72
25/11/2012,4.88
26/11/2012,4.89
27/11/2012,4.91
28/11/2012,4.94
29/11/2012,4.98
30/11/2012,5.11
1/12/2012,5.16
2/12/2012,5.22
3/12/2012,5.27
4/12/2012,5.44
5/12/2012,5.56
6/12/2012,5.74
7/12/2012,6.22
8/12/2012,6.26
9/12/2012,6.68
10/12/2012,6.78
11/12/2012,6.88
12/12/2012,6.97
13/12/2012,7.08
14/12/2012,8.34
15/12/2012,8.86
16/12/2012,3.56
17/12/2012,7.51
18/12/2012,6.32
19/12/2012,5.68
20/12/2012,6.82
21/12/2012,7.65
22/12/2012,9.86
23/12/2012,5.51
24/12/2012,4.32
25/12/2012,4.76
26/12/2012,4.13
27/12/2012,4.41
28/12/2012,4.87
29/12/2012,5.78
30/12/2012,8.88
31/12/2012,3.96
1/1/2013,4.07
2/1/2013,4.31
3/1/2013,5.01
4/1/2013,6.22
5/1/2013,6.74
6/1/2013,7.14
7/1/2013,8.78
8/1/2013,3.44
9/1/2013,3.68
10/1/2013,4.14
11/1/2013,4.25
12/1/2013,4.32
13/1/2013,4.43
14/1/2013,4.47
15/1/2013,4.54
16/1/2013,4.63
17/1/2013,4.78
18/1/2013,4.78
19/1/2013,4.83
20/1/2013,4.84
21/1/2013,4.85
22/1/2013,4.86
23/1/2013,4.89
24/1/2013,4.91
25/1/2013,5.01
26/1/2013,5.11
27/1/2013,5.14
28/1/2013,5.14
29/1/2013,5.19
30/1/2013,5.26
31/1/2013,5.26
1/2/2013,5.28
2/2/2013,5.38
3/2/2013,5.46
4/2/2013,5.54
5/2/2013,5.55
6/2/2013,5.62
7/2/2013,5.66
8/2/2013,5.77
9/2/2013,5.91
10/2/2013,5.91
11/2/2013,6.39
12/2/2013,6.69
13/2/2013,6.77
14/2/2013,6.82
15/2/2013,7.46
16/2/2013,8.31
17/2/2013,8.41
18/2/2013,8.81
19/2/2013,9.12
20/2/2013,6.02
21/2/2013,8.31
22/2/2013,7.32
23/2/2013,19.7
24/2/2013,3.02
25/2/2013,4.01
26/2/2013,4.45
27/2/2013,4.46
28/2/2013,4.52
1/3/2013,4.58
2/3/2013,4.68
3/3/2013,4.82
4/3/2013,4.83
5/3/2013,4.84
6/3/2013,4.86
7/3/2013,4.94
8/3/2013,5.11
9/3/2013,5.23
10/3/2013,5.58
11/3/2013,5.64
12/3/2013,5.76
13/3/2013,5.82
14/3/2013,6.55
15/3/2013,6.56
16/3/2013,6.61
17/3/2013,6.73
18/3/2013,6.77
19/3/2013,6.89
20/3/2013,7.59
21/3/2013,7.73
22/3/2013,8.38
23/3/2013,8.98
24/3/2013,9.78
25/3/2013,7.28
26/3/2013,6.32
27/3/2013,7.62
28/3/2013,7.38
29/3/2013,10.3
30/3/2013,9.37
31/3/2013,8.76
1/4/2013,10.7
2/4/2013,4.43
3/4/2013,4.11
4/4/2013,3.56
5/4/2013,4.73
6/4/2013,4.89
7/4/2013,5.14
8/4/2013,5.32
9/4/2013,5.62
10/4/2013,6.12
11/4/2013,4.47
12/4/2013,4.84
13/4/2013,3.49
14/4/2013,3.52
15/4/2013,3.67
16/4/2013,3.76
17/4/2013,4.08
18/4/2013,4.12
19/4/2013,4.36
20/4/2013,4.54
21/4/2013,4.65
22/4/2013,4.76
23/4/2013,4.82
24/4/2013,4.82
25/4/2013,4.83
26/4/2013,4.85
27/4/2013,4.88
28/4/2013,5.25
29/4/2013,5.26
30/4/2013,5.43
1/5/2013,5.46
2/5/2013,5.46
3/5/2013,5.59
4/5/2013,6.19
5/5/2013,6.86
6/5/2013,7.02
7/5/2013,7.22
8/5/2013,7.63
9/5/2013,7.73
10/5/2013,7.86
11/5/2013,8.62
12/5/2013,9.17
13/5/2013,9.46
14/5/2013,7.48
15/5/2013,6.82
16/5/2013,5.36
17/5/2013,5.48
18/5/2013,6.79
19/5/2013,8.73
20/5/2013,7.86
21/5/2013,4.89
22/5/2013,5.19
23/5/2013,5.26
24/5/2013,5.71
25/5/2013,6.05
26/5/2013,6.68
27/5/2013,8.25
28/5/2013,7.38
29/5/2013,4.52
30/5/2013,4.23
31/5/2013,4.27
1/6/2013,4.56
2/6/2013,4.69
3/6/2013,4.74
4/6/2013,4.74
5/6/2013,4.91
6/6/2013,4.94
7/6/2013,5.03
8/6/2013,5.11
9/6/2013,5.12
10/6/2013,5.15
11/6/2013,5.35
12/6/2013,5.38
13/6/2013,5.39
14/6/2013,5.44
15/6/2013,5.46
16/6/2013,5.49
17/6/2013,5.55
18/6/2013,5.65
19/6/2013,5.76
20/6/2013,5.84
21/6/2013,6.02
22/6/2013,6.13
23/6/2013,6.22
24/6/2013,6.29
25/6/2013,6.38
26/6/2013,6.44
27/6/2013,6.44
28/6/2013,6.48
29/6/2013,6.51
30/6/2013,6.52
1/7/2013,6.68
2/7/2013,6.85
3/7/2013,7.43
4/7/2013,7.46
5/7/2013,7.48
6/7/2013,7.83
7/7/2013,8.78
8/7/2013,9.22
9/7/2013,9.74
10/7/2013,6.84
11/7/2013,5.43
12/7/2013,5.23
13/7/2013,5.86
14/7/2013,5.53
15/7/2013,5.89
16/7/2013,6.88
17/7/2013,6.45
18/7/2013,7.34
19/7/2013,9.02
20/7/2013,4.34
21/7/2013,3.86
22/7/2013,4.52
23/7/2013,4.61
24/7/2013,5.92
25/7/2013,8.36
26/7/2013,9.41
27/7/2013,6.32
28/7/2013,3.83
29/7/2013,3.29
30/7/2013,3.65
31/7/2013,3.75
1/8/2013,3.83
2/8/2013,3.85
3/8/2013,3.88
4/8/2013,4.21
5/8/2013,4.21
6/8/2013,4.37
7/8/2013,4.55
8/8/2013,4.68
9/8/2013,4.75
10/8/2013,4.84
11/8/2013,5.07
12/8/2013,5.31
13/8/2013,5.32
14/8/2013,5.51
15/8/2013,5.64
16/8/2013,5.79
17/8/2013,5.81
18/8/2013,5.86
19/8/2013,5.93
20/8/2013,6.01
21/8/2013,6.81
22/8/2013,7.31
23/8/2013,7.64
24/8/2013,7.76
25/8/2013,7.78
26/8/2013,7.84
27/8/2013,8.19
28/8/2013,9.07
29/8/2013,9.58
30/8/2013,6.22
31/8/2013,7.11
1/9/2013,6.88
2/9/2013,5.78
3/9/2013,4.15
4/9/2013,4.36
5/9/2013,3.07
6/9/2013,3.42
7/9/2013,3.52
8/9/2013,3.55
9/9/2013,3.74
10/9/2013,3.74
11/9/2013,3.78
12/9/2013,4.01
13/9/2013,4.01
14/9/2013,4.08
15/9/2013,4.21
16/9/2013,4.22
17/9/2013,4.29
18/9/2013,4.44
19/9/2013,4.47
20/9/2013,4.49
21/9/2013,4.76
22/9/2013,4.76
23/9/2013,4.94
24/9/2013,5.26
25/9/2013,5.33
26/9/2013,5.36
27/9/2013,5.36
28/9/2013,5.52
29/9/2013,5.59
30/9/2013,5.59
1/10/2013,5.77
2/10/2013,5.77
3/10/2013,5.81
4/10/2013,5.85
5/10/2013,5.86
6/10/2013,5.88
7/10/2013,6.04
8/10/2013,6.21
9/10/2013,6.24
10/10/2013,6.37
11/10/2013,6.38
12/10/2013,7.98
13/10/2013,8.64
14/10/2013,8.71
15/10/2013,9.34
16/10/2013,9.39
17/10/2013,9.71
18/10/2013,5.69
19/10/2013,3.32
20/10/2013,8.09
21/10/2013,7.36
22/10/2013,6.76
23/10/2013,6.47
24/10/2013,6.26
25/10/2013,6.16
26/10/2013,4.51
27/10/2013,9.34
28/10/2013,8.05
29/10/2013,3.83
30/10/2013,3.37
31/10/2013,3.75
1/11/2013,4.09
2/11/2013,5.11
3/11/2013,5.62
4/11/2013,7.65
5/11/2013,8.71
6/11/2013,5.96
7/11/2013,5.86
8/11/2013,3.18
9/11/2013,3.28
10/11/2013,3.74
11/11/2013,3.74
12/11/2013,3.77
13/11/2013,3.77
14/11/2013,3.84
15/11/2013,3.85
16/11/2013,4.02
17/11/2013,4.05
18/11/2013,4.07
19/11/2013,4.08
20/11/2013,4.13
21/11/2013,4.22
22/11/2013,4.23
23/11/2013,4.26
24/11/2013,4.38
25/11/2013,4.41
26/11/2013,4.42
27/11/2013,4.85
28/11/2013,4.88
29/11/2013,5.11
30/11/2013,5.18
1/12/2013,5.37
2/12/2013,5.42
3/12/2013,5.53
4/12/2013,5.68
5/12/2013,5.76
6/12/2013,5.79
7/12/2013,5.95
8/12/2013,5.95
9/12/2013,6.18
10/12/2013,6.24
11/12/2013,6.54
12/12/2013,6.92
13/12/2013,8.25
14/12/2013,8.32
15/12/2013,8.45
16/12/2013,9.06
17/12/2013,5.79
18/12/2013,5.64
19/12/2013,5.47
20/12/2013,6.36
21/12/2013,6.76
22/12/2013,8.15
23/12/2013,9.59
24/12/2013,4.22
25/12/2013,3.91
26/12/2013,3.69
27/12/2013,3.56
28/12/2013,4.04
29/12/2013,4.11
30/12/2013,2.93
31/12/2013,2.94
1/1/2014,3.09
2/1/2014,3.67
3/1/2014,3.74
4/1/2014,3.74
5/1/2014,3.83
6/1/2014,3.85
7/1/2014,3.88
8/1/2014,3.94
9/1/2014,3.99
10/1/2014,4.02
11/1/2014,4.03
12/1/2014,4.08
13/1/2014,4.09
14/1/2014,4.17
15/1/2014,4.19
16/1/2014,4.38
17/1/2014,4.47
18/1/2014,4.48
19/1/2014,4.49
20/1/2014,4.51
21/1/2014,4.54
22/1/2014,4.76
23/1/2014,5.03
24/1/2014,5.08
25/1/2014,5.18
26/1/2014,5.44
27/1/2014,5.55
28/1/2014,5.64
29/1/2014,6.29
30/1/2014,6.47
31/1/2014,6.62
1/2/2014,6.63
2/2/2014,6.84
3/2/2014,7.05
4/2/2014,7.21
5/2/2014,7.72
6/2/2014,7.76
7/2/2014,8.12
8/2/2014,8.33
9/2/2014,8.43
10/2/2014,8.87
11/2/2014,9.02
12/2/2014,9.37
13/2/2014,9.52
14/2/2014,5.82
15/2/2014,3.86
16/2/2014,4.58
17/2/2014,4.72
18/2/2014,6.12
19/2/2014,5.21
20/2/2014,5.88
21/2/2014,5.74
22/2/2014,9.94
23/2/2014,4.49
24/2/2014,3.58
25/2/2014,3.56
26/2/2014,3.69
27/2/2014,3.99
28/2/2014,4.01
1/3/2014,4.42
2/3/2014,4.77
3/3/2014,6.38
4/3/2014,7.04
5/3/2014,8.12
6/3/2014,9.52
7/3/2014,3.16
8/3/2014,3.26
9/3/2014,3.34
10/3/2014,3.68
11/3/2014,3.69
12/3/2014,3.72
13/3/2014,3.78
14/3/2014,3.78
15/3/2014,3.81
16/3/2014,3.82
17/3/2014,3.87
18/3/2014,3.89
19/3/2014,3.91
20/3/2014,3.91
21/3/2014,3.93
22/3/2014,3.94
23/3/2014,3.96
24/3/2014,4.02
25/3/2014,4.03
26/3/2014,4.03
27/3/2014,4.04
28/3/2014,4.07
29/3/2014,4.09
30/3/2014,4.22
31/3/2014,4.24
1/4/2014,4.25
2/4/2014,4.49
3/4/2014,4.59
4/4/2014,4.66
5/4/2014,4.89
6/4/2014,5.65
7/4/2014,5.76
8/4/2014,5.94
9/4/2014,6.01
10/4/2014,6.08
11/4/2014,6.09
12/4/2014,6.15
13/4/2014,6.24
14/4/2014,6.46
15/4/2014,6.47
16/4/2014,6.52
17/4/2014,6.52
18/4/2014,7.91
19/4/2014,8.28
20/4/2014,8.48
21/4/2014,8.74
22/4/2014,9.62
23/4/2014,9.72
24/4/2014,5.82
25/4/2014,4.26
26/4/2014,5.04
27/4/2014,8.14
28/4/2014,7.83
29/4/2014,6.75
30/4/2014,4.79
1/5/2014,6.07
2/5/2014,5.16
3/5/2014,6.44
4/5/2014,3.95
5/5/2014,3.96
6/5/2014,4.38
7/5/2014,4.54
8/5/2014,5.86
9/5/2014,5.98
10/5/2014,6.32
11/5/2014,7.53
12/5/2014,4.89
13/5/2014,3.08
14/5/2014,3.08
15/5/2014,3.31
16/5/2014,3.45
17/5/2014,3.48
18/5/2014,3.59
19/5/2014,3.62
20/5/2014,3.64
21/5/2014,3.78
22/5/2014,3.79
23/5/2014,3.82
24/5/2014,3.83
25/5/2014,3.86
26/5/2014,3.89
27/5/2014,3.91
28/5/2014,3.91
29/5/2014,3.92
30/5/2014,3.92
31/5/2014,3.94
1/6/2014,3.97
2/6/2014,4.06
3/6/2014,4.06
4/6/2014,4.08
5/6/2014,4.11
6/6/2014,4.17
7/6/2014,4.24
8/6/2014,4.28
9/6/2014,4.36
10/6/2014,4.43
11/6/2014,4.44
12/6/2014,4.59
13/6/2014,4.64
14/6/2014,4.72
15/6/2014,4.92
16/6/2014,4.93
17/6/2014,5.02
18/6/2014,5.29
19/6/2014,5.36
20/6/2014,5.65
21/6/2014,6.03
22/6/2014,6.48
23/6/2014,6.51
24/6/2014,8.07
25/6/2014,8.18
26/6/2014,8.37
27/6/2014,8.54
28/6/2014,8.82
29/6/2014,8.85
30/6/2014,8.87
1/7/2014,8.91
2/7/2014,9.63
3/7/2014,4.38
4/7/2014,5.86
5/7/2014,9.18
6/7/2014,6.53
7/7/2014,6.11
8/7/2014,3.89
9/7/2014,3.78
10/7/2014,3.39
11/7/2014,3.72
12/7/2014,3.76
13/7/2014,4.44
14/7/2014,4.57
15/7/2014,4.68
16/7/2014,4.69
17/7/2014,4.87
18/7/2014,5.59
19/7/2014,5.97
20/7/2014,7.68
21/7/2014,5.17
22/7/2014,5.35
23/7/2014,3.68
24/7/2014,9.09
25/7/2014,3.65
26/7/2014,3.04
27/7/2014,3.98
28/7/2014,4.22
29/7/2014,4.35
30/7/2014,4.58
31/7/2014,4.68
1/8/2014,6.51
2/8/2014,7.29
3/8/2014,7.78
4/8/2014,2.78
5/8/2014,3.08
6/8/2014,3.18
7/8/2014,3.25
8/8/2014,3.31
9/8/2014,3.38
10/8/2014,3.47
11/8/2014,3.48
12/8/2014,3.56
13/8/2014,3.57
14/8/2014,3.64
15/8/2014,3.65
16/8/2014,3.65
17/8/2014,3.67
18/8/2014,3.73
19/8/2014,3.84
20/8/2014,3.98
21/8/2014,4.01
22/8/2014,4.03
23/8/2014,4.05
24/8/2014,4.07
25/8/2014,4.12
26/8/2014,4.14
27/8/2014,4.14
28/8/2014,4.17
29/8/2014,4.18
30/8/2014,4.19
31/8/2014,4.22
1/9/2014,4.24
2/9/2014,4.26
3/9/2014,4.27
4/9/2014,4.28
5/9/2014,4.37
6/9/2014,4.38
7/9/2014,4.42
8/9/2014,4.43
9/9/2014,4.43
10/9/2014,4.44
11/9/2014,4.44
12/9/2014,4.51
13/9/2014,4.57
14/9/2014,4.61
15/9/2014,4.64
16/9/2014,4.71
17/9/2014,4.82
18/9/2014,4.89
19/9/2014,4.95
20/9/2014,5.02
21/9/2014,5.09
22/9/2014,5.12
23/9/2014,5.21
24/9/2014,5.26
25/9/2014,5.35
26/9/2014,5.38
27/9/2014,5.72
28/9/2014,5.82
29/9/2014,5.91
30/9/2014,6.07
1/10/2014,6.24
2/10/2014,6.44
3/10/2014,6.44
4/10/2014,6.45
5/10/2014,6.75
6/10/2014,6.79
7/10/2014,7.07
8/10/2014,7.25
9/10/2014,7.55
10/10/2014,8.37
11/10/2014,9.13
12/10/2014,9.68
13/10/2014,4.86
14/10/2014,4.35
15/10/2014,4.21
16/10/2014,4.32
17/10/2014,4.38
18/10/2014,4.62
19/10/2014,5.26
20/10/2014,6.88
21/10/2014,6.76
22/10/2014,5.41
23/10/2014,5.22
24/10/2014,4.72
25/10/2014,8.57
26/10/2014,8.17
27/10/2014,7.06
28/10/2014,4.86
29/10/2014,4.68
30/10/2014,4.83
31/10/2014,10.5
1/11/2014,3.54
2/11/2014,3.49
3/11/2014,2.93
4/11/2014,3.59
5/11/2014,3.12
6/11/2014,3.12
7/11/2014,3.14
8/11/2014,3.22
9/11/2014,3.23
10/11/2014,3.24
11/11/2014,3.25
12/11/2014,3.27
13/11/2014,3.29
14/11/2014,3.38
15/11/2014,3.42
16/11/2014,3.52
17/11/2014,3.53
18/11/2014,3.62
19/11/2014,3.65
20/11/2014,3.71
21/11/2014,3.74
22/11/2014,3.78
23/11/2014,3.87
24/11/2014,3.89
25/11/2014,3.95
26/11/2014,4.03
27/11/2014,4.18
28/11/2014,4.26
29/11/2014,4.26
30/11/2014,4.26
1/12/2014,4.27
2/12/2014,4.27
3/12/2014,4.34
4/12/2014,4.35
5/12/2014,4.35
6/12/2014,4.53
7/12/2014,4.57
8/12/2014,4.62
9/12/2014,4.63
10/12/2014,4.64
11/12/2014,4.64
12/12/2014,4.65
13/12/2014,4.72
14/12/2014,4.75
15/12/2014,4.88
16/12/2014,5.14
17/12/2014,5.38
18/12/2014,5.52
19/12/2014,5.95
20/12/2014,6.33
21/12/2014,6.38
22/12/2014,6.51
23/12/2014,9.19
24/12/2014,9.46
25/12/2014,9.68
26/12/2014,9.69
27/12/2014,9.78
28/12/2014,11.1
29/12/2014,4.28
30/12/2014,4.32
31/12/2014,4.59
1/1/2015,3.67
2/1/2015,4.38
3/1/2015,4.05
4/1/2015,4.24
5/1/2015,4.49
6/1/2015,3.61
7/1/2015,4.75
8/1/2015,8.63
9/1/2015,8.42
10/1/2015,4.68
11/1/2015,3.78
12/1/2015,6.51
13/1/2015,7.45
14/1/2015,3.09
15/1/2015,3.04
16/1/2015,4.39
17/1/2015,4.95
18/1/2015,6.86
19/1/2015,7.71
20/1/2015,2.93
21/1/2015,3.06
22/1/2015,3.08
23/1/2015,3.08
24/1/2015,3.12
25/1/2015,3.18
26/1/2015,3.22
27/1/2015,3.33
28/1/2015,3.34
29/1/2015,3.34
30/1/2015,3.35
31/1/2015,3.35
1/2/2015,3.38
2/2/2015,3.39
3/2/2015,3.43
4/2/2015,3.52
5/2/2015,3.54
6/2/2015,3.56
7/2/2015,3.57
8/2/2015,3.88
9/2/2015,3.96
10/2/2015,3.96
11/2/2015,3.99
12/2/2015,4.39
13/2/2015,4.39
14/2/2015,4.42
15/2/2015,4.46
16/2/2015,4.53
17/2/2015,4.57
18/2/2015,4.64
19/2/2015,4.67
20/2/2015,4.67
21/2/2015,4.68
22/2/2015,4.69
23/2/2015,4.71
24/2/2015,4.83
25/2/2015,5.01
26/2/2015,5.01
27/2/2015,5.71
28/2/2015,8.16
1/3/2015,8.38
2/3/2015,8.41
3/3/2015,8.47
4/3/2015,8.82
5/3/2015,8.88
6/3/2015,9.07
7/3/2015,9.25
8/3/2015,4.25
9/3/2015,3.26
10/3/2015,3.29
11/3/2015,4.45
12/3/2015,3.83
13/3/2015,4.07
14/3/2015,3.82
15/3/2015,4.21
16/3/2015,3.79
17/3/2015,8.43
18/3/2015,4.11
19/3/2015,3.28
20/3/2015,3.11
21/3/2015,2.87
22/3/2015,3.49
23/3/2015,2.92
24/3/2015,3.04
25/3/2015,3.37
26/3/2015,3.73
27/3/2015,3.89
28/3/2015,4.16
29/3/2015,4.31
30/3/2015,3.26
31/3/2015,3.26
1/4/2015,3.09
2/4/2015,3.13
3/4/2015,3.15
4/4/2015,3.18
5/4/2015,3.28
6/4/2015,3.29
7/4/2015,3.29
8/4/2015,3.31
9/4/2015,3.34
10/4/2015,3.34
11/4/2015,3.35
12/4/2015,3.36
13/4/2015,3.37
14/4/2015,3.37
15/4/2015,3.42
16/4/2015,3.48
17/4/2015,3.49
18/4/2015,3.52
19/4/2015,3.76
20/4/2015,3.77
21/4/2015,3.84
22/4/2015,4.06
23/4/2015,4.14
24/4/2015,4.16
25/4/2015,4.16
26/4/2015,4.18
27/4/2015,4.24
28/4/2015,4.27
29/4/2015,4.34
30/4/2015,4.36
1/5/2015,4.47
2/5/2015,4.48
3/5/2015,4.55
4/5/2015,4.74
5/5/2015,5.38
6/5/2015,6.02
7/5/2015,6.12
8/5/2015,6.99
9/5/2015,8.16
10/5/2015,8.51
11/5/2015,9.17
12/5/2015,4.46
13/5/2015,3.88
14/5/2015,4.42
15/5/2015,4.53
16/5/2015,3.82
17/5/2015,9.83
18/5/2015,2.91
19/5/2015,3.36
20/5/2015,2.78
21/5/2015,2.91
22/5/2015,3.24
23/5/2015,3.32
24/5/2015,3.41
25/5/2015,3.71
26/5/2015,3.91
27/5/2015,4.25
28/5/2015,3.12
29/5/2015,2.92
30/5/2015,3.02
31/5/2015,3.05
1/6/2015,3.07
2/6/2015,3.09
3/6/2015,3.17
4/6/2015,3.18
5/6/2015,3.22
6/6/2015,3.26
7/6/2015,3.28
8/6/2015,3.29
9/6/2015,3.29
10/6/2015,3.31
11/6/2015,3.35
12/6/2015,3.36
13/6/2015,3.36
14/6/2015,3.37
15/6/2015,3.37
16/6/2015,3.39
17/6/2015,3.41
18/6/2015,3.42
19/6/2015,3.43
20/6/2015,3.46
21/6/2015,3.46
22/6/2015,3.51
23/6/2015,3.56
24/6/2015,3.58
25/6/2015,3.66
26/6/2015,3.68
27/6/2015,3.73
28/6/2015,3.73
29/6/2015,3.74
30/6/2015,3.78
1/7/2015,3.82
2/7/2015,3.82
3/7/2015,3.83
4/7/2015,3.84
5/7/2015,3.93
6/7/2015,3.95
7/7/2015,4.01
8/7/2015,4.02
9/7/2015,4.03
10/7/2015,4.09
11/7/2015,4.12
12/7/2015,4.12
13/7/2015,4.12
14/7/2015,4.13
15/7/2015,4.14
16/7/2015,4.14
17/7/2015,4.18
18/7/2015,4.28
19/7/2015,4.35
20/7/2015,4.37
21/7/2015,4.38
22/7/2015,4.47
23/7/2015,4.56
24/7/2015,4.71
25/7/2015,5.12
26/7/2015,9.32
27/7/2015,9.46
28/7/2015,9.52
29/7/2015,3.71
30/7/2015,3.86
31/7/2015,3.66
1/8/2015,3.75
2/8/2015,3.32
3/8/2015,3.24
4/8/2015,3.68
5/8/2015,3.65
6/8/2015,3.16
7/8/2015,3.16
8/8/2015,3.22
9/8/2015,3.24
10/8/2015,3.28
11/8/2015,3.28
12/8/2015,3.32
13/8/2015,3.33
14/8/2015,3.34
15/8/2015,3.34
16/8/2015,3.36
17/8/2015,3.37
18/8/2015,3.38
19/8/2015,3.38
20/8/2015,3.38
21/8/2015,3.39
22/8/2015,3.41
23/8/2015,3.41
24/8/2015,3.42
25/8/2015,3.44
26/8/2015,3.45
27/8/2015,3.46
28/8/2015,3.46
29/8/2015,3.49
30/8/2015,3.49
31/8/2015,3.55
1/9/2015,3.56
2/9/2015,3.59
3/9/2015,3.61
4/9/2015,3.63
5/9/2015,3.64
6/9/2015,3.64
7/9/2015,3.78
8/9/2015,3.95
9/9/2015,4.05
10/9/2015,4.08
11/9/2015,4.31
12/9/2015,4.46
13/9/2015,4.77
14/9/2015,4.91
15/9/2015,7.03
16/9/2015,7.19
17/9/2015,3.38
18/9/2015,3.58
19/9/2015,4.82
20/9/2015,2.99
21/9/2015,3.04
22/9/2015,2.86
23/9/2015,3.18
24/9/2015,2.95
25/9/2015,2.98
26/9/2015,3.06
27/9/2015,3.06
28/9/2015,3.06
29/9/2015,3.21
30/9/2015,3.21
1/10/2015,3.26
2/10/2015,3.28
3/10/2015,3.29
4/10/2015,3.31
5/10/2015,3.34
6/10/2015,3.41
7/10/2015,3.42
8/10/2015,3.47
9/10/2015,3.54
10/10/2015,3.55
11/10/2015,3.55
12/10/2015,3.58
13/10/2015,3.64
14/10/2015,3.65
15/10/2015,3.69
16/10/2015,4.62
17/10/2015,4.77
18/10/2015,4.82
19/10/2015,6.52
20/10/2015,6.82
21/10/2015,9.74
22/10/2015,3.31
23/10/2015,3.26
24/10/2015,3.18
25/10/2015,3.64
26/10/2015,3.51
27/10/2015,4.01
28/10/2015,8.19
29/10/2015,3.04
30/10/2015,3.18
31/10/2015,3.18
1/11/2015,3.22
2/11/2015,3.26
3/11/2015,3.29
4/11/2015,3.35
5/11/2015,3.38
6/11/2015,3.41
7/11/2015,3.49
8/11/2015,3.62
9/11/2015,3.62
10/11/2015,3.63
11/11/2015,3.74
12/11/2015,3.75
13/11/2015,4.13
14/11/2015,4.13
15/11/2015,4.46
16/11/2015,4.46
17/11/2015,8.94
18/11/2015,9.32
19/11/2015,9.98
20/11/2015,3.43
21/11/2015,3.61
22/11/2015,3.71
23/11/2015,2.95
24/11/2015,3.16
25/11/2015,3.25
26/11/2015,3.39
27/11/2015,3.44
28/11/2015,3.45
29/11/2015,3.48
30/11/2015,3.55
1/12/2015,3.95
2/12/2015,2.46
3/12/2015,3.04
4/12/2015,3.11
5/12/2015,3.32
6/12/2015,3.36
7/12/2015,3.39
8/12/2015,3.46
9/12/2015,3.53
10/12/2015,3.53
11/12/2015,7.16
12/12/2015,3.58
13/12/2015,8.93
14/12/2015,2.09
15/12/2015,1.72
16/12/2015,3.36
17/12/2015,1.91
18/12/2015,3.14
19/12/2015,8.93
20/12/2015,7.18
21/12/2015,6.58
22/12/2015,6.16
23/12/2015,5.32
24/12/2015,4.56
25/12/2015,2.86
26/12/2015,6.46
27/12/2015,6.34
28/12/2015,6.43
29/12/2015,5.63
30/12/2015,4.62
31/12/2015,4.45
1/1/2016,3.25
2/1/2016,15.8
3/1/2016,8.24
4/1/2016,7.06
5/1/2016,6.58
6/1/2016,6.53
7/1/2016,6.48
8/1/2016,6.36
9/1/2016,6.44
10/1/2016,6.49
11/1/2016,6.38
12/1/2016,5.62
13/1/2016,4.56
14/1/2016,3.04
15/1/2016,15.9
16/1/2016,7.21
17/1/2016,6.74
18/1/2016,5.98
19/1/2016,5.42
20/1/2016,4.58
21/1/2016,3.27
22/1/2016,2.88
23/1/2016,7.31
24/1/2016,6.76
25/1/2016,7.59
26/1/2016,7.09
27/1/2016,7.29
28/1/2016,6.49
29/1/2016,6.35
30/1/2016,4.57
31/1/2016,3.07
1/2/2016,15.9
2/2/2016,7.72
3/2/2016,7.41
4/2/2016,6.61
5/2/2016,5.17
6/2/2016,3.62
7/2/2016,3.13
8/2/2016,3.42
9/2/2016,2.55
10/2/2016,15.3
11/2/2016,8.58
12/2/2016,7.99
13/2/2016,7.69
14/2/2016,7.07
15/2/2016,6.23
16/2/2016,5.31
17/2/2016,3.76
18/2/2016,3.46
19/2/2016,8.39
20/2/2016,7.88
21/2/2016,7.72
22/2/2016,7.64
23/2/2016,7.27
24/2/2016,7.36
25/2/2016,6.73
26/2/2016,4.86
27/2/2016,18.3
28/2/2016,9.32
29/2/2016,8.76
1/3/2016,7.62
2/3/2016,7.28
3/3/2016,6.58
4/3/2016,5.87
5/3/2016,5.16
6/3/2016,5.15
7/3/2016,4.43
8/3/2016,16.8
9/3/2016,8.66
10/3/2016,8.63
11/3/2016,8.22
12/3/2016,7.25
13/3/2016,6.67
14/3/2016,12.3
15/3/2016,9.02
16/3/2016,6.81
17/3/2016,6.05
18/3/2016,3.82
19/3/2016,3.78
20/3/2016,15.8
21/3/2016,8.26
22/3/2016,6.93
23/3/2016,6.69
24/3/2016,3.35
25/3/2016,2.44
26/3/2016,16.6
27/3/2016,9.47
28/3/2016,8.65
29/3/2016,7.41
30/3/2016,6.51
31/3/2016,5.42
1/4/2016,4.22
2/4/2016,3.42
3/4/2016,16.8
4/4/2016,9.32
5/4/2016,8.59
6/4/2016,7.73
7/4/2016,7.35
8/4/2016,7.19
9/4/2016,6.58
10/4/2016,5.54
11/4/2016,4.28
12/4/2016,3.46
13/4/2016,16.5
14/4/2016,9.04
15/4/2016,7.59
16/4/2016,6.82
17/4/2016,6.54
18/4/2016,5.94
19/4/2016,4.52
20/4/2016,3.61
21/4/2016,17.2
22/4/2016,16.5
23/4/2016,10.8
24/4/2016,9.56
25/4/2016,8.06
26/4/2016,6.88
27/4/2016,5.78
28/4/2016,4.54
29/4/2016,3.49
30/4/2016,17.5
1/5/2016,7.88
2/5/2016,6.86
3/5/2016,5.46
4/5/2016,4.17
5/5/2016,3.36
6/5/2016,17.9
7/5/2016,9.48
8/5/2016,7.76
9/5/2016,6.64
10/5/2016,5.43
11/5/2016,4.19
12/5/2016,3.36
13/5/2016,18.2
14/5/2016,7.88
15/5/2016,6.81
16/5/2016,6.72
17/5/2016,5.46
18/5/2016,5.38
19/5/2016,4.22
20/5/2016,3.37
21/5/2016,18.6
22/5/2016,10.8
23/5/2016,9.18
24/5/2016,6.38
25/5/2016,5.84
26/5/2016,4.36
27/5/2016,3.45
28/5/2016,18.7
29/5/2016,8.45
30/5/2016,7.71
31/5/2016,6.77
1/6/2016,5.83
2/6/2016,4.17
3/6/2016,3.45
4/6/2016,18.7
5/6/2016,18.7
6/6/2016,9.72
7/6/2016,8.86
8/6/2016,8.68
9/6/2016,7.26
10/6/2016,5.76
11/6/2016,3.68
12/6/2016,3.52
13/6/2016,18.6
14/6/2016,8.92
15/6/2016,8.19
16/6/2016,7.06
17/6/2016,5.51
18/6/2016,4.44
19/6/2016,3.62
20/6/2016,18.4
21/6/2016,15.4
22/6/2016,9.64
23/6/2016,8.09
24/6/2016,6.52
25/6/2016,4.86
26/6/2016,4.84
27/6/2016,18.1
28/6/2016,8.28
29/6/2016,7.28
30/6/2016,5.58
1/7/2016,3.56
2/7/2016,17.1
3/7/2016,11.4
4/7/2016,9.76
5/7/2016,7.18
6/7/2016,5.64
7/7/2016,4.42
8/7/2016,3.51
9/7/2016,17.2
10/7/2016,12.1
11/7/2016,9.86
12/7/2016,8.74
13/7/2016,8.54
14/7/2016,7.54
15/7/2016,6.51
16/7/2016,5.22
17/7/2016,4.18
18/7/2016,3.43
19/7/2016,17.4
20/7/2016,12.9
21/7/2016,9.86
22/7/2016,9.27
23/7/2016,7.36
24/7/2016,5.94
25/7/2016,4.43
26/7/2016,18.5
27/7/2016,8.28
28/7/2016,7.94
29/7/2016,7.63
30/7/2016,6.96
31/7/2016,5.78
1/8/2016,4.42
2/8/2016,3.56
3/8/2016,18.9
4/8/2016,18.9
5/8/2016,17.1
6/8/2016,9.46
7/8/2016,9.67
8/8/2016,9.46
9/8/2016,8.95
10/8/2016,7.67
11/8/2016,6.18
12/8/2016,18.2
13/8/2016,11.7
14/8/2016,9.18
15/8/2016,9.78
16/8/2016,6.56
17/8/2016,6.16
18/8/2016,5.95
19/8/2016,4.46
20/8/2016,3.68
21/8/2016,18.8
22/8/2016,18.5
23/8/2016,9.97
24/8/2016,6.74
25/8/2016,4.78
26/8/2016,3.64
27/8/2016,17.8
28/8/2016,17.7
29/8/2016,9.31
30/8/2016,9.29
31/8/2016,9.02
1/9/2016,8.67
2/9/2016,7.78
3/9/2016,6.06
4/9/2016,4.56
5/9/2016,3.58
6/9/2016,18.8
7/9/2016,9.72
8/9/2016,9.36
9/9/2016,8.64
10/9/2016,7.72
11/9/2016,5.94
12/9/2016,3.58
13/9/2016,18.3
14/9/2016,9.98
15/9/2016,6.84
16/9/2016,5.74
17/9/2016,4.27
18/9/2016,3.74
19/9/2016,18.7
20/9/2016,8.74
21/9/2016,7.84
22/9/2016,6.39
23/9/2016,4.72
24/9/2016,4.06
25/9/2016,3.77
26/9/2016,19.3
27/9/2016,17.4
28/9/2016,9.69
29/9/2016,5.82
30/9/2016,4.52
1/10/2016,3.58
2/10/2016,19.4
3/10/2016,8.98
4/10/2016,7.69
5/10/2016,5.77
6/10/2016,4.42
7/10/2016,3.54
8/10/2016,19.1
9/10/2016,7.14
10/10/2016,5.84
11/10/2016,5.57
12/10/2016,5.08
13/10/2016,4.58
14/10/2016,3.65
15/10/2016,19.5
16/10/2016,13.8
17/10/2016,8.54
18/10/2016,5.72
19/10/2016,4.46
20/10/2016,3.58
21/10/2016,19.9
22/10/2016,15.8
23/10/2016,8.54
24/10/2016,7.17
25/10/2016,5.79
26/10/2016,5.61
27/10/2016,4.55
28/10/2016,3.62
29/10/2016,20.2
30/10/2016,9.21
31/10/2016,7.76
1/11/2016,6.65
2/11/2016,6.03
3/11/2016,4.87
4/11/2016,4.56
5/11/2016,3.62
6/11/2016,20.8
7/11/2016,17.8
8/11/2016,9.98
9/11/2016,9.22
10/11/2016,8.14
11/11/2016,6.29
12/11/2016,6.25
13/11/2016,5.56
14/11/2016,4.56
15/11/2016,9.94
16/11/2016,9.19
17/11/2016,8.03
18/11/2016,4.87
19/11/2016,4.56
20/11/2016,3.44
21/11/2016,9.96
22/11/2016,8.13
23/11/2016,7.02
24/11/2016,6.08
25/11/2016,6.05
26/11/2016,4.44
27/11/2016,3.53
28/11/2016,20.9
29/11/2016,10.2
30/11/2016,8.01
1/12/2016,7.95
2/12/2016,7.09
3/12/2016,4.53
4/12/2016,3.62
5/12/2016,20.5
6/12/2016,9.52
7/12/2016,6.32
8/12/2016,5.61
9/12/2016,4.66
10/12/2016,3.66
11/12/2016,8.86
12/12/2016,7.82
13/12/2016,6.23
14/12/2016,4.54
15/12/2016,3.62
16/12/2016,19.3
17/12/2016,16.1
18/12/2016,14.4
19/12/2016,10.2
20/12/2016,9.08
21/12/2016,7.96
22/12/2016,6.38
23/12/2016,4.59
24/12/2016,19.6
25/12/2016,10.6
26/12/2016,10.3
27/12/2016,9.99
28/12/2016,8.35
29/12/2016,4.68
30/12/2016,17.8
31/12/2016,9.64
